﻿<?xml version="1.0"?>
<!DOCTYPE Report
[
<!ELEMENT Report (General ,(Doc|BPT)) >
<!ATTLIST Report ver CDATA #REQUIRED tmZone CDATA #REQUIRED>

<!ELEMENT General ( DocLocation ) >
<!ATTLIST General productName CDATA #REQUIRED productVer CDATA #REQUIRED os CDATA #REQUIRED host CDATA #REQUIRED qcserver CDATA #IMPLIED qcproject CDATA #IMPLIED SolManSolutionId CDATA #IMPLIED SolManProjectId CDATA #IMPLIED SolManTestPlanId CDATA #IMPLIED SolManTestPackageId CDATA #IMPLIED SolManUserInfoData CDATA #IMPLIED  >

<!ELEMENT BPT (DName,Res,DVer?,TSet?,TInst?,NodeArgs,AdditionalInfo*,Doc*) >
<!ATTLIST BPT rID ID #REQUIRED >

<!ELEMENT Doc (DName,ConfName?,Res,DVer?,TSet?,TInst?,RunType?,DT?,AdditionalInfo*,Step*,DIter*,Step*,Action*,Doc*,Summary?,TestMaintenanceSummary*,NodeArgs?) >
<!ATTLIST Doc rID ID #REQUIRED type (Test|BC|BPTWrapperTest|Flow|Group|Action) "Test" productName CDATA #REQUIRED BCIter CDATA #IMPLIED >

<!ELEMENT RunType ( #PCDATA )>
<!ATTLIST RunType fmStep (False|True) "False" batch (False|True) "False" upDesc (False|True) "False" upChk (False|True) "False" upAS (False|True) "False">

<!ELEMENT DName ( #PCDATA ) >

<!ELEMENT ConfName ( #PCDATA ) >

<!ELEMENT Res ( #PCDATA ) >

<!ELEMENT AdditionalInfo (AdditionalDataName,AdditionalDataValue ) >

<!ELEMENT AdditionalDataName ( #PCDATA ) >

<!ELEMENT AdditionalDataValue ( #PCDATA ) >

<!ELEMENT DVer ( #PCDATA ) >

<!ELEMENT TSet ( #PCDATA ) >

<!ELEMENT TInst ( #PCDATA ) >

<!ELEMENT DIter (Step*,Action+,Summary?,NodeArgs)>
<!ATTLIST DIter rID ID #REQUIRED iterID CDATA #REQUIRED>

<!ELEMENT DocLocation ( #PCDATA )>

<!ELEMENT Action (AName,AIter*,(Step|HtmlStep|Action)*, Summary,ActionMaintenanceSummary*, NodeArgs ) >
<!ATTLIST Action rID ID #REQUIRED>

<!ELEMENT AIter ((Step|HtmlStep|Action)*,DataMapping?, Summary?,NodeArgs) >
<!ATTLIST AIter rID ID #REQUIRED iterID CDATA #REQUIRED isCountable (False|True) "False" >

<!ELEMENT AName ( #PCDATA ) >

<!ELEMENT TestMaintenanceSummary (ActionMaintenanceSummary*) >
<!ATTLIST TestMaintenanceSummary ObjectsAdded CDATA #REQUIRED ObjectsUpdated CDATA #REQUIRED StepsUpdated CDATA #REQUIRED StepsComments CDATA #REQUIRED><!ELEMENT ActionMaintenanceSummary (ObjectChange* ) >
<!ATTLIST ActionMaintenanceSummary Action CDATA #REQUIRED Objects CDATA #REQUIRED Updated CDATA #REQUIRED LinesTotal CDATA #REQUIRED Added CDATA #REQUIRED LinesUpdated CDATA #REQUIRED>

<!ELEMENT ObjectChange  (Hierarchy, PropertyChangeList* ) >
<!ATTLIST ObjectChange Operation CDATA #IMPLIED OriginalRepository CDATA #IMPLIED>

<!ELEMENT PropertyChangeList (PropertyDef*) >

<!ELEMENT PropertyDef (OriginalValue, NewValue) >
<!ATTLIST PropertyDef PropName CDATA #REQUIRED OriginRegularExpression (True|False) "False" NewRegularExpression (True|False) "False" AddedProperty (True|False) "False" >

<!ELEMENT OriginalValue ( #PCDATA )>

<!ELEMENT NewValue ( #PCDATA )>

<!ELEMENT Hierarchy  (ObjectName, Hierarchy*) >
<!ATTLIST Hierarchy MicClass CDATA #REQUIRED>

<!ELEMENT ObjectName  ( #PCDATA ) >

<!ELEMENT Step (Obj,Details,Time,TimeTick* ,(Step|HtmlStep|Doc)*, DataMapping?, NodeArgs) >
<!ATTLIST Step rID ID #REQUIRED retval CDATA #IMPLIED>

<!ELEMENT HtmlStep (HTML,TimeTick*,(Step|HtmlStep|Doc)*,NodeArgs) >
<!ATTLIST HtmlStep rID ID #REQUIRED >

<!ELEMENT Obj ( #PCDATA ) >
<!ATTLIST Obj plainTxt (False|True) "True">

<!ELEMENT Details ( #PCDATA ) >
<!ATTLIST Details plainTxt (False|True) "True">

<!ELEMENT Time ( #PCDATA ) >

<!ELEMENT HTML ( #PCDATA ) >

<!ELEMENT Disp ( #PCDATA ) >

<!ELEMENT TimeTick ( #PCDATA ) >

<!ELEMENT DataMapping ( DataMappedItem* )>
<!ELEMENT DataMappedItem EMPTY >
<!ATTLIST DataMappedItem dsName CDATA #REQUIRED >
<!ATTLIST DataMappedItem rowId CDATA #REQUIRED >

<!ELEMENT NodeArgs (Disp,TopPane?,BtmPane?,ExtendedInfo? )>
<!ATTLIST NodeArgs eType CDATA #REQUIRED icon CDATA #REQUIRED nRep CDATA #REQUIRED UserNote CDATA #IMPLIED filter (False|True) "True">
<!ATTLIST NodeArgs status (Passed|Failed|Done|Warning|Information) "Done">
<!ATTLIST NodeArgs iconSel CDATA #IMPLIED nType CDATA #IMPLIED MovieMarker CDATA "">
<!ATTLIST NodeArgs Source CDATA #IMPLIED SourceLine CDATA #IMPLIED StepFlowItemKey CDATA #IMPLIED >

<!ELEMENT TopPane (Path)>

<!ELEMENT BtmPane ( (Path|WR)?,ASHilite?)>
<!ATTLIST BtmPane vType CDATA "HTML">

<!ELEMENT Path ( #PCDATA ) >

<!ELEMENT ASHilite ( #PCDATA ) >

<!ELEMENT WR ( #PCDATA ) >

<!ELEMENT ExtendedInfo ( StepData ) >

<!ATTLIST ExtendedInfo StepType CDATA #REQUIRED>
<!ELEMENT DT (NodeArgs) >
<!ATTLIST DT rID ID #REQUIRED>

<!ELEMENT Summary (Param*)>
<!ATTLIST Summary sTime CDATA #IMPLIED eTime CDATA #IMPLIED passed CDATA #IMPLIED failed CDATA #IMPLIED warnings CDATA #IMPLIED retval CDATA #IMPLIED stopped (False|True) "False" >

<!ELEMENT Param (ParamName,ParamVal)+ >
<!ATTLIST Param paramInOut (In|Out) "In">

<!ELEMENT ParamName ( #PCDATA ) >

<!ELEMENT ParamVal ( #PCDATA ) >

]
>
<Report ver="2.0" tmZone="India Standard Time">
<General productName="Vugen" productVer="2021" os="" host="DESKTOP-SEJMG7N"><DocLocation><![CDATA[C:\Users\LENOVO\Desktop\Mindtree\TestScript\LoadRunner\NewScript]]></DocLocation></General>
<Doc rID="T1"   productName= "Vugen"  >
<DName><![CDATA[NewScript]]></DName>
<Res><![CDATA[result1]]></Res>
<Action rID="T2">
<AName><![CDATA[vuser_init]]></AName>
<Step rID="T3">
<Obj plainTxt="False" ><![CDATA[Url: petstore.octoperf.com]]></Obj>
<Details plainTxt="False" ><![CDATA[<CENTER><STRONG><FONT COLOR=#009A63>Step completed successfully</FONT></STRONG></CENTER>]]></Details>
<Time><![CDATA[27-03-2022 - 16:57:05]]></Time>
<TimeTick>1648380425</TimeTick>
<NodeArgs eType="General" icon="3" nRep="6" status="Passed" >
<Disp><![CDATA[Url: petstore.octoperf.com]]></Disp>
<BtmPane vType="HTMLSNSH" >
<Path><![CDATA[\Iteration1\t1.inf]]></Path>
</BtmPane>
</NodeArgs>
</Step>
<Step rID="T4">
<Obj plainTxt="False" ><![CDATA[Url: Catalog.action]]></Obj>
<Details plainTxt="False" ><![CDATA[<CENTER><STRONG><FONT COLOR=#009A63>Step completed successfully</FONT></STRONG></CENTER>]]></Details>
<Time><![CDATA[27-03-2022 - 16:57:06]]></Time>
<TimeTick>1648380426</TimeTick>
<NodeArgs eType="General" icon="3" nRep="7" status="Passed" >
<Disp><![CDATA[Url: Catalog.action]]></Disp>
<BtmPane vType="HTMLSNSH" >
<Path><![CDATA[\Iteration1\t2.inf]]></Path>
</BtmPane>
</NodeArgs>
</Step>
<Summary sTime="27-03-2022 - 16:57:03" eTime="27-03-2022 - 16:57:06" passed="2" failed="0" warnings="0" ></Summary>
<NodeArgs eType="StartAction" icon="2" nRep="5" status="Passed" >
<Disp><![CDATA[vuser_init Summary]]></Disp>
</NodeArgs>
</Action>
<DIter rID="T5" iterID="1" >
<Action rID="T6">
<AName><![CDATA[Action]]></AName>
<Summary sTime="27-03-2022 - 16:57:06" eTime="27-03-2022 - 16:57:06" passed="0" failed="0" warnings="0" ></Summary>
<NodeArgs eType="StartAction" icon="2" nRep="10" >
<Disp><![CDATA[Action Summary]]></Disp>
</NodeArgs>
</Action>
<Action rID="T7">
<AName><![CDATA[new_user]]></AName>
<Step rID="T8">
<Obj plainTxt="False" ><![CDATA[Service: Add Header]]></Obj>
<Details plainTxt="False" ><![CDATA[<CENTER>Add the following header to the next HTTP request :<BR><STRONG><FONT COLOR=#00AF00>Sec-Fetch-Dest: document</FONT></STRONG></CENTER>]]></Details>
<Time><![CDATA[27-03-2022 - 16:57:06]]></Time>
<TimeTick>1648380426</TimeTick>
<NodeArgs eType="General" icon="5" nRep="13" >
<Disp><![CDATA[Service: Add Header]]></Disp>
</NodeArgs>
</Step>
<Step rID="T9">
<Obj plainTxt="False" ><![CDATA[Service: Add Header]]></Obj>
<Details plainTxt="False" ><![CDATA[<CENTER>Add the following header to the next HTTP request :<BR><STRONG><FONT COLOR=#00AF00>Sec-Fetch-Mode: navigate</FONT></STRONG></CENTER>]]></Details>
<Time><![CDATA[27-03-2022 - 16:57:06]]></Time>
<TimeTick>1648380426</TimeTick>
<NodeArgs eType="General" icon="5" nRep="14" >
<Disp><![CDATA[Service: Add Header]]></Disp>
</NodeArgs>
</Step>
<Step rID="T10">
<Obj plainTxt="False" ><![CDATA[Service: Add Header]]></Obj>
<Details plainTxt="False" ><![CDATA[<CENTER>Add the following header to the next HTTP request :<BR><STRONG><FONT COLOR=#00AF00>Sec-Fetch-Site: same-origin</FONT></STRONG></CENTER>]]></Details>
<Time><![CDATA[27-03-2022 - 16:57:06]]></Time>
<TimeTick>1648380426</TimeTick>
<NodeArgs eType="General" icon="5" nRep="15" >
<Disp><![CDATA[Service: Add Header]]></Disp>
</NodeArgs>
</Step>
<Step rID="T11">
<Obj plainTxt="False" ><![CDATA[Service: Add Header]]></Obj>
<Details plainTxt="False" ><![CDATA[<CENTER>Add the following header to the next HTTP request :<BR><STRONG><FONT COLOR=#00AF00>Sec-Fetch-User: ?1</FONT></STRONG></CENTER>]]></Details>
<Time><![CDATA[27-03-2022 - 16:57:06]]></Time>
<TimeTick>1648380426</TimeTick>
<NodeArgs eType="General" icon="5" nRep="16" >
<Disp><![CDATA[Service: Add Header]]></Disp>
</NodeArgs>
</Step>
<Step rID="T12">
<Obj plainTxt="False" ><![CDATA[Service: Add Header]]></Obj>
<Details plainTxt="False" ><![CDATA[<CENTER>Add the following header to the next HTTP request :<BR><STRONG><FONT COLOR=#00AF00>Upgrade-Insecure-Requests: 1</FONT></STRONG></CENTER>]]></Details>
<Time><![CDATA[27-03-2022 - 16:57:06]]></Time>
<TimeTick>1648380426</TimeTick>
<NodeArgs eType="General" icon="5" nRep="17" >
<Disp><![CDATA[Service: Add Header]]></Disp>
</NodeArgs>
</Step>
<Step rID="T13">
<Obj plainTxt="False" ><![CDATA[Service: Add Header]]></Obj>
<Details plainTxt="False" ><![CDATA[<CENTER>Add the following header to the next HTTP request :<BR><STRONG><FONT COLOR=#00AF00>sec-ch-ua: " Not A;Brand";v="99", "Chromium";v="99", "Microsoft Edge";v="99"</FONT></STRONG></CENTER>]]></Details>
<Time><![CDATA[27-03-2022 - 16:57:06]]></Time>
<TimeTick>1648380426</TimeTick>
<NodeArgs eType="General" icon="5" nRep="18" >
<Disp><![CDATA[Service: Add Header]]></Disp>
</NodeArgs>
</Step>
<Step rID="T14">
<Obj plainTxt="False" ><![CDATA[Service: Add Header]]></Obj>
<Details plainTxt="False" ><![CDATA[<CENTER>Add the following header to the next HTTP request :<BR><STRONG><FONT COLOR=#00AF00>sec-ch-ua-mobile: ?0</FONT></STRONG></CENTER>]]></Details>
<Time><![CDATA[27-03-2022 - 16:57:06]]></Time>
<TimeTick>1648380426</TimeTick>
<NodeArgs eType="General" icon="5" nRep="19" >
<Disp><![CDATA[Service: Add Header]]></Disp>
</NodeArgs>
</Step>
<Step rID="T15">
<Obj plainTxt="False" ><![CDATA[Service: Add Header]]></Obj>
<Details plainTxt="False" ><![CDATA[<CENTER>Add the following header to the next HTTP request :<BR><STRONG><FONT COLOR=#00AF00>sec-ch-ua-platform: "Windows"</FONT></STRONG></CENTER>]]></Details>
<Time><![CDATA[27-03-2022 - 16:57:06]]></Time>
<TimeTick>1648380426</TimeTick>
<NodeArgs eType="General" icon="5" nRep="20" >
<Disp><![CDATA[Service: Add Header]]></Disp>
</NodeArgs>
</Step>
<Step rID="T16">
<Obj plainTxt="False" ><![CDATA[Url: Account.action;jsessionid=AD8DC83251F23F592175E96BB227206A]]></Obj>
<Details plainTxt="False" ><![CDATA[<CENTER><STRONG><FONT COLOR=#009A63>Step completed successfully</FONT></STRONG></CENTER>]]></Details>
<Time><![CDATA[27-03-2022 - 16:57:07]]></Time>
<TimeTick>1648380427</TimeTick>
<NodeArgs eType="General" icon="3" nRep="21" status="Passed" >
<Disp><![CDATA[Url: Account.action;jsessionid=AD8DC83251F23F592175E96BB227206A]]></Disp>
<BtmPane vType="HTMLSNSH" >
<Path><![CDATA[\Iteration1\t3.inf]]></Path>
</BtmPane>
</NodeArgs>
</Step>
<Step rID="T17">
<Obj plainTxt="False" ><![CDATA[Custom Request: 2_3]]></Obj>
<Details plainTxt="False" ><![CDATA[<CENTER><STRONG><FONT COLOR=#009A63>Step completed successfully</FONT></STRONG></CENTER>]]></Details>
<Time><![CDATA[27-03-2022 - 16:57:07]]></Time>
<TimeTick>1648380427</TimeTick>
<NodeArgs eType="General" icon="6" nRep="22" status="Passed" >
<Disp><![CDATA[Custom Request: 2_3]]></Disp>
<BtmPane vType="HTMLSNSH" >
<Path><![CDATA[\Iteration1\t4.inf]]></Path>
</BtmPane>
</NodeArgs>
</Step>
<Step rID="T18">
<Obj plainTxt="False" ><![CDATA[Service: Add Auto Header]]></Obj>
<Details plainTxt="False" ><![CDATA[<CENTER>Add the following header to all subsequent HTTP requests :<BR><STRONG><FONT COLOR=#00AF00>Sec-Fetch-Dest: empty</FONT></STRONG></CENTER>]]></Details>
<Time><![CDATA[27-03-2022 - 16:57:07]]></Time>
<TimeTick>1648380427</TimeTick>
<NodeArgs eType="General" icon="7" nRep="23" >
<Disp><![CDATA[Service: Add Auto Header]]></Disp>
</NodeArgs>
</Step>
<Step rID="T19">
<Obj plainTxt="False" ><![CDATA[Service: Add Auto Header]]></Obj>
<Details plainTxt="False" ><![CDATA[<CENTER>Add the following header to all subsequent HTTP requests :<BR><STRONG><FONT COLOR=#00AF00>Sec-Fetch-Mode: no-cors</FONT></STRONG></CENTER>]]></Details>
<Time><![CDATA[27-03-2022 - 16:57:07]]></Time>
<TimeTick>1648380427</TimeTick>
<NodeArgs eType="General" icon="7" nRep="24" >
<Disp><![CDATA[Service: Add Auto Header]]></Disp>
</NodeArgs>
</Step>
<Step rID="T20">
<Obj plainTxt="False" ><![CDATA[Service: Add Auto Header]]></Obj>
<Details plainTxt="False" ><![CDATA[<CENTER>Add the following header to all subsequent HTTP requests :<BR><STRONG><FONT COLOR=#00AF00>Sec-Fetch-Site: none</FONT></STRONG></CENTER>]]></Details>
<Time><![CDATA[27-03-2022 - 16:57:07]]></Time>
<TimeTick>1648380427</TimeTick>
<NodeArgs eType="General" icon="7" nRep="25" >
<Disp><![CDATA[Service: Add Auto Header]]></Disp>
</NodeArgs>
</Step>
<Step rID="T21">
<Obj plainTxt="False" ><![CDATA[Service: Add Header]]></Obj>
<Details plainTxt="False" ><![CDATA[<CENTER>Add the following header to the next HTTP request :<BR><STRONG><FONT COLOR=#00AF00>Sec-Mesh-Client-Arch: x86_64</FONT></STRONG></CENTER>]]></Details>
<Time><![CDATA[27-03-2022 - 16:57:07]]></Time>
<TimeTick>1648380427</TimeTick>
<NodeArgs eType="General" icon="5" nRep="26" >
<Disp><![CDATA[Service: Add Header]]></Disp>
</NodeArgs>
</Step>
<Step rID="T22">
<Obj plainTxt="False" ><![CDATA[Service: Add Header]]></Obj>
<Details plainTxt="False" ><![CDATA[<CENTER>Add the following header to the next HTTP request :<BR><STRONG><FONT COLOR=#00AF00>Sec-Mesh-Client-Edge-Channel: stable</FONT></STRONG></CENTER>]]></Details>
<Time><![CDATA[27-03-2022 - 16:57:07]]></Time>
<TimeTick>1648380427</TimeTick>
<NodeArgs eType="General" icon="5" nRep="27" >
<Disp><![CDATA[Service: Add Header]]></Disp>
</NodeArgs>
</Step>
<Step rID="T23">
<Obj plainTxt="False" ><![CDATA[Service: Add Header]]></Obj>
<Details plainTxt="False" ><![CDATA[<CENTER>Add the following header to the next HTTP request :<BR><STRONG><FONT COLOR=#00AF00>Sec-Mesh-Client-Edge-Version: 99.0.1150.55</FONT></STRONG></CENTER>]]></Details>
<Time><![CDATA[27-03-2022 - 16:57:07]]></Time>
<TimeTick>1648380427</TimeTick>
<NodeArgs eType="General" icon="5" nRep="28" >
<Disp><![CDATA[Service: Add Header]]></Disp>
</NodeArgs>
</Step>
<Step rID="T24">
<Obj plainTxt="False" ><![CDATA[Service: Add Header]]></Obj>
<Details plainTxt="False" ><![CDATA[<CENTER>Add the following header to the next HTTP request :<BR><STRONG><FONT COLOR=#00AF00>Sec-Mesh-Client-OS: Windows</FONT></STRONG></CENTER>]]></Details>
<Time><![CDATA[27-03-2022 - 16:57:07]]></Time>
<TimeTick>1648380427</TimeTick>
<NodeArgs eType="General" icon="5" nRep="29" >
<Disp><![CDATA[Service: Add Header]]></Disp>
</NodeArgs>
</Step>
<Step rID="T25">
<Obj plainTxt="False" ><![CDATA[Service: Add Header]]></Obj>
<Details plainTxt="False" ><![CDATA[<CENTER>Add the following header to the next HTTP request :<BR><STRONG><FONT COLOR=#00AF00>Sec-Mesh-Client-OS-Version: 10.0.19044</FONT></STRONG></CENTER>]]></Details>
<Time><![CDATA[27-03-2022 - 16:57:07]]></Time>
<TimeTick>1648380427</TimeTick>
<NodeArgs eType="General" icon="5" nRep="30" >
<Disp><![CDATA[Service: Add Header]]></Disp>
</NodeArgs>
</Step>
<Step rID="T26">
<Obj plainTxt="False" ><![CDATA[Service: Add Header]]></Obj>
<Details plainTxt="False" ><![CDATA[<CENTER>Add the following header to the next HTTP request :<BR><STRONG><FONT COLOR=#00AF00>Sec-Mesh-Client-WebView: 0</FONT></STRONG></CENTER>]]></Details>
<Time><![CDATA[27-03-2022 - 16:57:07]]></Time>
<TimeTick>1648380427</TimeTick>
<NodeArgs eType="General" icon="5" nRep="31" >
<Disp><![CDATA[Service: Add Header]]></Disp>
</NodeArgs>
</Step>
<Step rID="T27">
<Obj plainTxt="False" ><![CDATA[Service: Add Header]]></Obj>
<Details plainTxt="False" ><![CDATA[<CENTER>Add the following header to the next HTTP request :<BR><STRONG><FONT COLOR=#00AF00>X-Microsoft-Update-AppId: ohckeflnhegojcjlcpbfpciadgikcohk,eeobbhfgfagbclfofmgbdfoicabjdbkn,oankkpibpaokgecfckkdkgaoafllipag,ndikpojcjlepofdkaaldkinkjbeeebkl,mkcgfaeepibomfapiapjaceihcojnphg,jbfaflocpnkhbgcijpkiafdpbjkedane,kpfehajjjbbcifeehjgfgnabifknmdad,fppmbhmldokgmleojlplaaodlkibgikh,ojblfafjmiikbkepnnolpgbbhejhlcim,plbmmhnabegcabfbcejohgjpkamkddhn,lfmeghnikdkbonehgjihjebgioakijgn,llmidpclgepbgbgoecnhcmgfhmfplfao,ahmaebgpfccdhgidjaidaoojjcijckba</FONT></STRONG></CENTER>]]></Details>
<Time><![CDATA[27-03-2022 - 16:57:07]]></Time>
<TimeTick>1648380427</TimeTick>
<NodeArgs eType="General" icon="5" nRep="32" >
<Disp><![CDATA[Service: Add Header]]></Disp>
</NodeArgs>
</Step>
<Step rID="T28">
<Obj plainTxt="False" ><![CDATA[Service: Add Header]]></Obj>
<Details plainTxt="False" ><![CDATA[<CENTER>Add the following header to the next HTTP request :<BR><STRONG><FONT COLOR=#00AF00>X-Microsoft-Update-Interactivity: bg</FONT></STRONG></CENTER>]]></Details>
<Time><![CDATA[27-03-2022 - 16:57:07]]></Time>
<TimeTick>1648380427</TimeTick>
<NodeArgs eType="General" icon="5" nRep="33" >
<Disp><![CDATA[Service: Add Header]]></Disp>
</NodeArgs>
</Step>
<Step rID="T29">
<Obj plainTxt="False" ><![CDATA[Service: Add Header]]></Obj>
<Details plainTxt="False" ><![CDATA[<CENTER>Add the following header to the next HTTP request :<BR><STRONG><FONT COLOR=#00AF00>X-Microsoft-Update-Updater: msedge-99.0.1150.55</FONT></STRONG></CENTER>]]></Details>
<Time><![CDATA[27-03-2022 - 16:57:07]]></Time>
<TimeTick>1648380427</TimeTick>
<NodeArgs eType="General" icon="5" nRep="34" >
<Disp><![CDATA[Service: Add Header]]></Disp>
</NodeArgs>
</Step>
<Step rID="T30">
<Obj plainTxt="False" ><![CDATA[Custom Request: update]]></Obj>
<Details plainTxt="False" ><![CDATA[<CENTER><STRONG><FONT COLOR=#009A63>Step completed successfully</FONT></STRONG></CENTER>]]></Details>
<Time><![CDATA[27-03-2022 - 16:57:08]]></Time>
<TimeTick>1648380428</TimeTick>
<NodeArgs eType="General" icon="6" nRep="35" status="Passed" >
<Disp><![CDATA[Custom Request: update]]></Disp>
<BtmPane vType="HTMLSNSH" >
<Path><![CDATA[\Iteration1\t5.inf]]></Path>
</BtmPane>
</NodeArgs>
</Step>
<Step rID="T31">
<Obj plainTxt="False" ><![CDATA[Url: selection]]></Obj>
<Details plainTxt="False" ><![CDATA[<CENTER><STRONG><FONT COLOR=#009A63>Step completed successfully</FONT></STRONG></CENTER>]]></Details>
<Time><![CDATA[27-03-2022 - 16:57:08]]></Time>
<TimeTick>1648380428</TimeTick>
<NodeArgs eType="General" icon="3" nRep="36" status="Passed" >
<Disp><![CDATA[Url: selection]]></Disp>
<BtmPane vType="HTMLSNSH" >
<Path><![CDATA[\Iteration1\t6.inf]]></Path>
</BtmPane>
</NodeArgs>
</Step>
<Step rID="T32">
<Obj plainTxt="False" ><![CDATA[Service: Remove/Revert Auto Header]]></Obj>
<Details plainTxt="False" ><![CDATA[<CENTER>Remove/revert <BR><STRONG><FONT COLOR=#00AF00>Sec-Fetch-Dest</FONT></STRONG> header, implicit generation: <STRONG>Yes</STRONG></CENTER>]]></Details>
<Time><![CDATA[27-03-2022 - 16:57:09]]></Time>
<TimeTick>1648380429</TimeTick>
<NodeArgs eType="General" icon="8" nRep="37" >
<Disp><![CDATA[Service: Remove/Revert Auto Header]]></Disp>
</NodeArgs>
</Step>
<Step rID="T33">
<Obj plainTxt="False" ><![CDATA[Service: Add Header]]></Obj>
<Details plainTxt="False" ><![CDATA[<CENTER>Add the following header to the next HTTP request :<BR><STRONG><FONT COLOR=#00AF00>Sec-Fetch-Dest: document</FONT></STRONG></CENTER>]]></Details>
<Time><![CDATA[27-03-2022 - 16:57:09]]></Time>
<TimeTick>1648380429</TimeTick>
<NodeArgs eType="General" icon="5" nRep="38" >
<Disp><![CDATA[Service: Add Header]]></Disp>
</NodeArgs>
</Step>
<Step rID="T34">
<Obj plainTxt="False" ><![CDATA[Service: Remove/Revert Auto Header]]></Obj>
<Details plainTxt="False" ><![CDATA[<CENTER>Remove/revert <BR><STRONG><FONT COLOR=#00AF00>Sec-Fetch-Mode</FONT></STRONG> header, implicit generation: <STRONG>Yes</STRONG></CENTER>]]></Details>
<Time><![CDATA[27-03-2022 - 16:57:09]]></Time>
<TimeTick>1648380429</TimeTick>
<NodeArgs eType="General" icon="8" nRep="39" >
<Disp><![CDATA[Service: Remove/Revert Auto Header]]></Disp>
</NodeArgs>
</Step>
<Step rID="T35">
<Obj plainTxt="False" ><![CDATA[Service: Add Header]]></Obj>
<Details plainTxt="False" ><![CDATA[<CENTER>Add the following header to the next HTTP request :<BR><STRONG><FONT COLOR=#00AF00>Sec-Fetch-Mode: navigate</FONT></STRONG></CENTER>]]></Details>
<Time><![CDATA[27-03-2022 - 16:57:09]]></Time>
<TimeTick>1648380429</TimeTick>
<NodeArgs eType="General" icon="5" nRep="40" >
<Disp><![CDATA[Service: Add Header]]></Disp>
</NodeArgs>
</Step>
<Step rID="T36">
<Obj plainTxt="False" ><![CDATA[Service: Remove/Revert Auto Header]]></Obj>
<Details plainTxt="False" ><![CDATA[<CENTER>Remove/revert <BR><STRONG><FONT COLOR=#00AF00>Sec-Fetch-Site</FONT></STRONG> header, implicit generation: <STRONG>Yes</STRONG></CENTER>]]></Details>
<Time><![CDATA[27-03-2022 - 16:57:09]]></Time>
<TimeTick>1648380429</TimeTick>
<NodeArgs eType="General" icon="8" nRep="41" >
<Disp><![CDATA[Service: Remove/Revert Auto Header]]></Disp>
</NodeArgs>
</Step>
<Step rID="T37">
<Obj plainTxt="False" ><![CDATA[Service: Add Header]]></Obj>
<Details plainTxt="False" ><![CDATA[<CENTER>Add the following header to the next HTTP request :<BR><STRONG><FONT COLOR=#00AF00>Sec-Fetch-Site: same-origin</FONT></STRONG></CENTER>]]></Details>
<Time><![CDATA[27-03-2022 - 16:57:09]]></Time>
<TimeTick>1648380429</TimeTick>
<NodeArgs eType="General" icon="5" nRep="42" >
<Disp><![CDATA[Service: Add Header]]></Disp>
</NodeArgs>
</Step>
<Step rID="T38">
<Obj plainTxt="False" ><![CDATA[Service: Add Header]]></Obj>
<Details plainTxt="False" ><![CDATA[<CENTER>Add the following header to the next HTTP request :<BR><STRONG><FONT COLOR=#00AF00>Sec-Fetch-User: ?1</FONT></STRONG></CENTER>]]></Details>
<Time><![CDATA[27-03-2022 - 16:57:09]]></Time>
<TimeTick>1648380429</TimeTick>
<NodeArgs eType="General" icon="5" nRep="43" >
<Disp><![CDATA[Service: Add Header]]></Disp>
</NodeArgs>
</Step>
<Step rID="T39">
<Obj plainTxt="False" ><![CDATA[Service: Add Header]]></Obj>
<Details plainTxt="False" ><![CDATA[<CENTER>Add the following header to the next HTTP request :<BR><STRONG><FONT COLOR=#00AF00>Upgrade-Insecure-Requests: 1</FONT></STRONG></CENTER>]]></Details>
<Time><![CDATA[27-03-2022 - 16:57:09]]></Time>
<TimeTick>1648380429</TimeTick>
<NodeArgs eType="General" icon="5" nRep="44" >
<Disp><![CDATA[Service: Add Header]]></Disp>
</NodeArgs>
</Step>
<Step rID="T40">
<Obj plainTxt="False" ><![CDATA[Service: Add Header]]></Obj>
<Details plainTxt="False" ><![CDATA[<CENTER>Add the following header to the next HTTP request :<BR><STRONG><FONT COLOR=#00AF00>sec-ch-ua: " Not A;Brand";v="99", "Chromium";v="99", "Microsoft Edge";v="99"</FONT></STRONG></CENTER>]]></Details>
<Time><![CDATA[27-03-2022 - 16:57:09]]></Time>
<TimeTick>1648380429</TimeTick>
<NodeArgs eType="General" icon="5" nRep="45" >
<Disp><![CDATA[Service: Add Header]]></Disp>
</NodeArgs>
</Step>
<Step rID="T41">
<Obj plainTxt="False" ><![CDATA[Service: Add Header]]></Obj>
<Details plainTxt="False" ><![CDATA[<CENTER>Add the following header to the next HTTP request :<BR><STRONG><FONT COLOR=#00AF00>sec-ch-ua-mobile: ?0</FONT></STRONG></CENTER>]]></Details>
<Time><![CDATA[27-03-2022 - 16:57:09]]></Time>
<TimeTick>1648380429</TimeTick>
<NodeArgs eType="General" icon="5" nRep="46" >
<Disp><![CDATA[Service: Add Header]]></Disp>
</NodeArgs>
</Step>
<Step rID="T42">
<Obj plainTxt="False" ><![CDATA[Service: Add Header]]></Obj>
<Details plainTxt="False" ><![CDATA[<CENTER>Add the following header to the next HTTP request :<BR><STRONG><FONT COLOR=#00AF00>sec-ch-ua-platform: "Windows"</FONT></STRONG></CENTER>]]></Details>
<Time><![CDATA[27-03-2022 - 16:57:09]]></Time>
<TimeTick>1648380429</TimeTick>
<NodeArgs eType="General" icon="5" nRep="47" >
<Disp><![CDATA[Service: Add Header]]></Disp>
</NodeArgs>
</Step>
<Step rID="T43">
<Obj plainTxt="False" ><![CDATA[Url: Account.action]]></Obj>
<Details plainTxt="False" ><![CDATA[<CENTER><STRONG><FONT COLOR=#009A63>Step completed successfully</FONT></STRONG></CENTER>]]></Details>
<Time><![CDATA[27-03-2022 - 16:57:09]]></Time>
<TimeTick>1648380429</TimeTick>
<NodeArgs eType="General" icon="3" nRep="48" status="Passed" >
<Disp><![CDATA[Url: Account.action]]></Disp>
<BtmPane vType="HTMLSNSH" >
<Path><![CDATA[\Iteration1\t7.inf]]></Path>
</BtmPane>
</NodeArgs>
</Step>
<Step rID="T44">
<Obj plainTxt="False" ><![CDATA[Custom Request: 2_4]]></Obj>
<Details plainTxt="False" ><![CDATA[<CENTER><STRONG><FONT COLOR=#009A63>Step completed successfully</FONT></STRONG></CENTER>]]></Details>
<Time><![CDATA[27-03-2022 - 16:57:10]]></Time>
<TimeTick>1648380430</TimeTick>
<NodeArgs eType="General" icon="6" nRep="49" status="Passed" >
<Disp><![CDATA[Custom Request: 2_4]]></Disp>
<BtmPane vType="HTMLSNSH" >
<Path><![CDATA[\Iteration1\t8.inf]]></Path>
</BtmPane>
</NodeArgs>
</Step>
<Step rID="T45">
<Obj plainTxt="False" ><![CDATA[Custom Request: 2_5]]></Obj>
<Details plainTxt="False" ><![CDATA[<CENTER><STRONG><FONT COLOR=#009A63>Step completed successfully</FONT></STRONG></CENTER>]]></Details>
<Time><![CDATA[27-03-2022 - 16:57:10]]></Time>
<TimeTick>1648380430</TimeTick>
<NodeArgs eType="General" icon="6" nRep="50" status="Passed" >
<Disp><![CDATA[Custom Request: 2_5]]></Disp>
<BtmPane vType="HTMLSNSH" >
<Path><![CDATA[\Iteration1\t9.inf]]></Path>
</BtmPane>
</NodeArgs>
</Step>
<Step rID="T46">
<Obj plainTxt="False" ><![CDATA[Service: Add Header]]></Obj>
<Details plainTxt="False" ><![CDATA[<CENTER>Add the following header to the next HTTP request :<BR><STRONG><FONT COLOR=#00AF00>Origin: https://petstore.octoperf.com</FONT></STRONG></CENTER>]]></Details>
<Time><![CDATA[27-03-2022 - 16:57:10]]></Time>
<TimeTick>1648380430</TimeTick>
<NodeArgs eType="General" icon="5" nRep="51" >
<Disp><![CDATA[Service: Add Header]]></Disp>
</NodeArgs>
</Step>
<Step rID="T47">
<Obj plainTxt="False" ><![CDATA[Service: Add Header]]></Obj>
<Details plainTxt="False" ><![CDATA[<CENTER>Add the following header to the next HTTP request :<BR><STRONG><FONT COLOR=#00AF00>Sec-Fetch-Dest: document</FONT></STRONG></CENTER>]]></Details>
<Time><![CDATA[27-03-2022 - 16:57:10]]></Time>
<TimeTick>1648380430</TimeTick>
<NodeArgs eType="General" icon="5" nRep="52" >
<Disp><![CDATA[Service: Add Header]]></Disp>
</NodeArgs>
</Step>
<Step rID="T48">
<Obj plainTxt="False" ><![CDATA[Service: Add Header]]></Obj>
<Details plainTxt="False" ><![CDATA[<CENTER>Add the following header to the next HTTP request :<BR><STRONG><FONT COLOR=#00AF00>Sec-Fetch-Mode: navigate</FONT></STRONG></CENTER>]]></Details>
<Time><![CDATA[27-03-2022 - 16:57:10]]></Time>
<TimeTick>1648380430</TimeTick>
<NodeArgs eType="General" icon="5" nRep="53" >
<Disp><![CDATA[Service: Add Header]]></Disp>
</NodeArgs>
</Step>
<Step rID="T49">
<Obj plainTxt="False" ><![CDATA[Service: Add Header]]></Obj>
<Details plainTxt="False" ><![CDATA[<CENTER>Add the following header to the next HTTP request :<BR><STRONG><FONT COLOR=#00AF00>Sec-Fetch-Site: same-origin</FONT></STRONG></CENTER>]]></Details>
<Time><![CDATA[27-03-2022 - 16:57:10]]></Time>
<TimeTick>1648380430</TimeTick>
<NodeArgs eType="General" icon="5" nRep="54" >
<Disp><![CDATA[Service: Add Header]]></Disp>
</NodeArgs>
</Step>
<Step rID="T50">
<Obj plainTxt="False" ><![CDATA[Service: Add Header]]></Obj>
<Details plainTxt="False" ><![CDATA[<CENTER>Add the following header to the next HTTP request :<BR><STRONG><FONT COLOR=#00AF00>Sec-Fetch-User: ?1</FONT></STRONG></CENTER>]]></Details>
<Time><![CDATA[27-03-2022 - 16:57:10]]></Time>
<TimeTick>1648380430</TimeTick>
<NodeArgs eType="General" icon="5" nRep="55" >
<Disp><![CDATA[Service: Add Header]]></Disp>
</NodeArgs>
</Step>
<Step rID="T51">
<Obj plainTxt="False" ><![CDATA[Service: Add Header]]></Obj>
<Details plainTxt="False" ><![CDATA[<CENTER>Add the following header to the next HTTP request :<BR><STRONG><FONT COLOR=#00AF00>Upgrade-Insecure-Requests: 1</FONT></STRONG></CENTER>]]></Details>
<Time><![CDATA[27-03-2022 - 16:57:10]]></Time>
<TimeTick>1648380430</TimeTick>
<NodeArgs eType="General" icon="5" nRep="56" >
<Disp><![CDATA[Service: Add Header]]></Disp>
</NodeArgs>
</Step>
<Step rID="T52">
<Obj plainTxt="False" ><![CDATA[Service: Add Header]]></Obj>
<Details plainTxt="False" ><![CDATA[<CENTER>Add the following header to the next HTTP request :<BR><STRONG><FONT COLOR=#00AF00>sec-ch-ua: " Not A;Brand";v="99", "Chromium";v="99", "Microsoft Edge";v="99"</FONT></STRONG></CENTER>]]></Details>
<Time><![CDATA[27-03-2022 - 16:57:11]]></Time>
<TimeTick>1648380431</TimeTick>
<NodeArgs eType="General" icon="5" nRep="57" >
<Disp><![CDATA[Service: Add Header]]></Disp>
</NodeArgs>
</Step>
<Step rID="T53">
<Obj plainTxt="False" ><![CDATA[Service: Add Header]]></Obj>
<Details plainTxt="False" ><![CDATA[<CENTER>Add the following header to the next HTTP request :<BR><STRONG><FONT COLOR=#00AF00>sec-ch-ua-mobile: ?0</FONT></STRONG></CENTER>]]></Details>
<Time><![CDATA[27-03-2022 - 16:57:11]]></Time>
<TimeTick>1648380431</TimeTick>
<NodeArgs eType="General" icon="5" nRep="58" >
<Disp><![CDATA[Service: Add Header]]></Disp>
</NodeArgs>
</Step>
<Step rID="T54">
<Obj plainTxt="False" ><![CDATA[Service: Add Header]]></Obj>
<Details plainTxt="False" ><![CDATA[<CENTER>Add the following header to the next HTTP request :<BR><STRONG><FONT COLOR=#00AF00>sec-ch-ua-platform: "Windows"</FONT></STRONG></CENTER>]]></Details>
<Time><![CDATA[27-03-2022 - 16:57:11]]></Time>
<TimeTick>1648380431</TimeTick>
<NodeArgs eType="General" icon="5" nRep="59" >
<Disp><![CDATA[Service: Add Header]]></Disp>
</NodeArgs>
</Step>
<Step rID="T55">
<Obj plainTxt="False" ><![CDATA[Submit Data: Account.action_2]]></Obj>
<Details plainTxt="False" ><![CDATA[<CENTER><STRONG><FONT COLOR=#009A63>Step completed successfully</FONT></STRONG></CENTER>]]></Details>
<Time><![CDATA[27-03-2022 - 16:57:11]]></Time>
<TimeTick>1648380431</TimeTick>
<NodeArgs eType="General" icon="9" nRep="60" status="Passed" >
<Disp><![CDATA[Submit Data: Account.action_2]]></Disp>
<BtmPane vType="HTMLSNSH" >
<Path><![CDATA[\Iteration1\t10.inf]]></Path>
</BtmPane>
</NodeArgs>
</Step>
<Summary sTime="27-03-2022 - 16:57:06" eTime="27-03-2022 - 16:57:11" passed="8" failed="0" warnings="0" ></Summary>
<NodeArgs eType="StartAction" icon="2" nRep="12" status="Passed" >
<Disp><![CDATA[new_user Summary]]></Disp>
</NodeArgs>
</Action>
<Action rID="T56">
<AName><![CDATA[login]]></AName>
<Step rID="T57">
<Obj plainTxt="False" ><![CDATA[Service: Add Header]]></Obj>
<Details plainTxt="False" ><![CDATA[<CENTER>Add the following header to the next HTTP request :<BR><STRONG><FONT COLOR=#00AF00>Sec-Fetch-Dest: document</FONT></STRONG></CENTER>]]></Details>
<Time><![CDATA[27-03-2022 - 16:57:11]]></Time>
<TimeTick>1648380431</TimeTick>
<NodeArgs eType="General" icon="5" nRep="63" >
<Disp><![CDATA[Service: Add Header]]></Disp>
</NodeArgs>
</Step>
<Step rID="T58">
<Obj plainTxt="False" ><![CDATA[Service: Add Header]]></Obj>
<Details plainTxt="False" ><![CDATA[<CENTER>Add the following header to the next HTTP request :<BR><STRONG><FONT COLOR=#00AF00>Sec-Fetch-Mode: navigate</FONT></STRONG></CENTER>]]></Details>
<Time><![CDATA[27-03-2022 - 16:57:11]]></Time>
<TimeTick>1648380431</TimeTick>
<NodeArgs eType="General" icon="5" nRep="64" >
<Disp><![CDATA[Service: Add Header]]></Disp>
</NodeArgs>
</Step>
<Step rID="T59">
<Obj plainTxt="False" ><![CDATA[Service: Add Header]]></Obj>
<Details plainTxt="False" ><![CDATA[<CENTER>Add the following header to the next HTTP request :<BR><STRONG><FONT COLOR=#00AF00>Sec-Fetch-Site: same-origin</FONT></STRONG></CENTER>]]></Details>
<Time><![CDATA[27-03-2022 - 16:57:11]]></Time>
<TimeTick>1648380431</TimeTick>
<NodeArgs eType="General" icon="5" nRep="65" >
<Disp><![CDATA[Service: Add Header]]></Disp>
</NodeArgs>
</Step>
<Step rID="T60">
<Obj plainTxt="False" ><![CDATA[Service: Add Header]]></Obj>
<Details plainTxt="False" ><![CDATA[<CENTER>Add the following header to the next HTTP request :<BR><STRONG><FONT COLOR=#00AF00>Sec-Fetch-User: ?1</FONT></STRONG></CENTER>]]></Details>
<Time><![CDATA[27-03-2022 - 16:57:11]]></Time>
<TimeTick>1648380431</TimeTick>
<NodeArgs eType="General" icon="5" nRep="66" >
<Disp><![CDATA[Service: Add Header]]></Disp>
</NodeArgs>
</Step>
<Step rID="T61">
<Obj plainTxt="False" ><![CDATA[Service: Add Header]]></Obj>
<Details plainTxt="False" ><![CDATA[<CENTER>Add the following header to the next HTTP request :<BR><STRONG><FONT COLOR=#00AF00>Upgrade-Insecure-Requests: 1</FONT></STRONG></CENTER>]]></Details>
<Time><![CDATA[27-03-2022 - 16:57:11]]></Time>
<TimeTick>1648380431</TimeTick>
<NodeArgs eType="General" icon="5" nRep="67" >
<Disp><![CDATA[Service: Add Header]]></Disp>
</NodeArgs>
</Step>
<Step rID="T62">
<Obj plainTxt="False" ><![CDATA[Service: Add Header]]></Obj>
<Details plainTxt="False" ><![CDATA[<CENTER>Add the following header to the next HTTP request :<BR><STRONG><FONT COLOR=#00AF00>sec-ch-ua: " Not A;Brand";v="99", "Chromium";v="99", "Microsoft Edge";v="99"</FONT></STRONG></CENTER>]]></Details>
<Time><![CDATA[27-03-2022 - 16:57:11]]></Time>
<TimeTick>1648380431</TimeTick>
<NodeArgs eType="General" icon="5" nRep="68" >
<Disp><![CDATA[Service: Add Header]]></Disp>
</NodeArgs>
</Step>
<Step rID="T63">
<Obj plainTxt="False" ><![CDATA[Service: Add Header]]></Obj>
<Details plainTxt="False" ><![CDATA[<CENTER>Add the following header to the next HTTP request :<BR><STRONG><FONT COLOR=#00AF00>sec-ch-ua-mobile: ?0</FONT></STRONG></CENTER>]]></Details>
<Time><![CDATA[27-03-2022 - 16:57:11]]></Time>
<TimeTick>1648380431</TimeTick>
<NodeArgs eType="General" icon="5" nRep="69" >
<Disp><![CDATA[Service: Add Header]]></Disp>
</NodeArgs>
</Step>
<Step rID="T64">
<Obj plainTxt="False" ><![CDATA[Service: Add Header]]></Obj>
<Details plainTxt="False" ><![CDATA[<CENTER>Add the following header to the next HTTP request :<BR><STRONG><FONT COLOR=#00AF00>sec-ch-ua-platform: "Windows"</FONT></STRONG></CENTER>]]></Details>
<Time><![CDATA[27-03-2022 - 16:57:11]]></Time>
<TimeTick>1648380431</TimeTick>
<NodeArgs eType="General" icon="5" nRep="70" >
<Disp><![CDATA[Service: Add Header]]></Disp>
</NodeArgs>
</Step>
<Step rID="T65">
<Obj plainTxt="False" ><![CDATA[Url: Account.action_3]]></Obj>
<Details plainTxt="False" ><![CDATA[<CENTER><STRONG><FONT COLOR=#009A63>Step completed successfully</FONT></STRONG></CENTER>]]></Details>
<Time><![CDATA[27-03-2022 - 16:57:12]]></Time>
<TimeTick>1648380432</TimeTick>
<NodeArgs eType="General" icon="3" nRep="71" status="Passed" >
<Disp><![CDATA[Url: Account.action_3]]></Disp>
<BtmPane vType="HTMLSNSH" >
<Path><![CDATA[\Iteration1\t11.inf]]></Path>
</BtmPane>
</NodeArgs>
</Step>
<Step rID="T66">
<Obj plainTxt="False" ><![CDATA[Custom Request: 2_6]]></Obj>
<Details plainTxt="False" ><![CDATA[<CENTER><STRONG><FONT COLOR=#009A63>Step completed successfully</FONT></STRONG></CENTER>]]></Details>
<Time><![CDATA[27-03-2022 - 16:57:12]]></Time>
<TimeTick>1648380432</TimeTick>
<NodeArgs eType="General" icon="6" nRep="72" status="Passed" >
<Disp><![CDATA[Custom Request: 2_6]]></Disp>
<BtmPane vType="HTMLSNSH" >
<Path><![CDATA[\Iteration1\t12.inf]]></Path>
</BtmPane>
</NodeArgs>
</Step>
<Step rID="T67">
<Obj plainTxt="False" ><![CDATA[Service: Add Header]]></Obj>
<Details plainTxt="False" ><![CDATA[<CENTER>Add the following header to the next HTTP request :<BR><STRONG><FONT COLOR=#00AF00>Origin: https://petstore.octoperf.com</FONT></STRONG></CENTER>]]></Details>
<Time><![CDATA[27-03-2022 - 16:57:12]]></Time>
<TimeTick>1648380432</TimeTick>
<NodeArgs eType="General" icon="5" nRep="73" >
<Disp><![CDATA[Service: Add Header]]></Disp>
</NodeArgs>
</Step>
<Step rID="T68">
<Obj plainTxt="False" ><![CDATA[Service: Add Header]]></Obj>
<Details plainTxt="False" ><![CDATA[<CENTER>Add the following header to the next HTTP request :<BR><STRONG><FONT COLOR=#00AF00>Sec-Fetch-Dest: document</FONT></STRONG></CENTER>]]></Details>
<Time><![CDATA[27-03-2022 - 16:57:12]]></Time>
<TimeTick>1648380432</TimeTick>
<NodeArgs eType="General" icon="5" nRep="74" >
<Disp><![CDATA[Service: Add Header]]></Disp>
</NodeArgs>
</Step>
<Step rID="T69">
<Obj plainTxt="False" ><![CDATA[Service: Add Header]]></Obj>
<Details plainTxt="False" ><![CDATA[<CENTER>Add the following header to the next HTTP request :<BR><STRONG><FONT COLOR=#00AF00>Sec-Fetch-Mode: navigate</FONT></STRONG></CENTER>]]></Details>
<Time><![CDATA[27-03-2022 - 16:57:12]]></Time>
<TimeTick>1648380432</TimeTick>
<NodeArgs eType="General" icon="5" nRep="75" >
<Disp><![CDATA[Service: Add Header]]></Disp>
</NodeArgs>
</Step>
<Step rID="T70">
<Obj plainTxt="False" ><![CDATA[Service: Add Header]]></Obj>
<Details plainTxt="False" ><![CDATA[<CENTER>Add the following header to the next HTTP request :<BR><STRONG><FONT COLOR=#00AF00>Sec-Fetch-Site: same-origin</FONT></STRONG></CENTER>]]></Details>
<Time><![CDATA[27-03-2022 - 16:57:12]]></Time>
<TimeTick>1648380432</TimeTick>
<NodeArgs eType="General" icon="5" nRep="76" >
<Disp><![CDATA[Service: Add Header]]></Disp>
</NodeArgs>
</Step>
<Step rID="T71">
<Obj plainTxt="False" ><![CDATA[Service: Add Header]]></Obj>
<Details plainTxt="False" ><![CDATA[<CENTER>Add the following header to the next HTTP request :<BR><STRONG><FONT COLOR=#00AF00>Sec-Fetch-User: ?1</FONT></STRONG></CENTER>]]></Details>
<Time><![CDATA[27-03-2022 - 16:57:12]]></Time>
<TimeTick>1648380432</TimeTick>
<NodeArgs eType="General" icon="5" nRep="77" >
<Disp><![CDATA[Service: Add Header]]></Disp>
</NodeArgs>
</Step>
<Step rID="T72">
<Obj plainTxt="False" ><![CDATA[Service: Add Header]]></Obj>
<Details plainTxt="False" ><![CDATA[<CENTER>Add the following header to the next HTTP request :<BR><STRONG><FONT COLOR=#00AF00>Upgrade-Insecure-Requests: 1</FONT></STRONG></CENTER>]]></Details>
<Time><![CDATA[27-03-2022 - 16:57:12]]></Time>
<TimeTick>1648380432</TimeTick>
<NodeArgs eType="General" icon="5" nRep="78" >
<Disp><![CDATA[Service: Add Header]]></Disp>
</NodeArgs>
</Step>
<Step rID="T73">
<Obj plainTxt="False" ><![CDATA[Service: Add Header]]></Obj>
<Details plainTxt="False" ><![CDATA[<CENTER>Add the following header to the next HTTP request :<BR><STRONG><FONT COLOR=#00AF00>sec-ch-ua: " Not A;Brand";v="99", "Chromium";v="99", "Microsoft Edge";v="99"</FONT></STRONG></CENTER>]]></Details>
<Time><![CDATA[27-03-2022 - 16:57:12]]></Time>
<TimeTick>1648380432</TimeTick>
<NodeArgs eType="General" icon="5" nRep="79" >
<Disp><![CDATA[Service: Add Header]]></Disp>
</NodeArgs>
</Step>
<Step rID="T74">
<Obj plainTxt="False" ><![CDATA[Service: Add Header]]></Obj>
<Details plainTxt="False" ><![CDATA[<CENTER>Add the following header to the next HTTP request :<BR><STRONG><FONT COLOR=#00AF00>sec-ch-ua-mobile: ?0</FONT></STRONG></CENTER>]]></Details>
<Time><![CDATA[27-03-2022 - 16:57:12]]></Time>
<TimeTick>1648380432</TimeTick>
<NodeArgs eType="General" icon="5" nRep="80" >
<Disp><![CDATA[Service: Add Header]]></Disp>
</NodeArgs>
</Step>
<Step rID="T75">
<Obj plainTxt="False" ><![CDATA[Service: Add Header]]></Obj>
<Details plainTxt="False" ><![CDATA[<CENTER>Add the following header to the next HTTP request :<BR><STRONG><FONT COLOR=#00AF00>sec-ch-ua-platform: "Windows"</FONT></STRONG></CENTER>]]></Details>
<Time><![CDATA[27-03-2022 - 16:57:12]]></Time>
<TimeTick>1648380432</TimeTick>
<NodeArgs eType="General" icon="5" nRep="81" >
<Disp><![CDATA[Service: Add Header]]></Disp>
</NodeArgs>
</Step>
<Step rID="T76">
<Obj plainTxt="False" ><![CDATA[Submit Data: Account.action_4]]></Obj>
<Details plainTxt="False" ><![CDATA[<CENTER><STRONG><FONT COLOR=#009A63>Step completed successfully</FONT></STRONG></CENTER>]]></Details>
<Time><![CDATA[27-03-2022 - 16:57:13]]></Time>
<TimeTick>1648380433</TimeTick>
<NodeArgs eType="General" icon="9" nRep="82" status="Passed" >
<Disp><![CDATA[Submit Data: Account.action_4]]></Disp>
<BtmPane vType="HTMLSNSH" >
<Path><![CDATA[\Iteration1\t13.inf]]></Path>
</BtmPane>
</NodeArgs>
</Step>
<Summary sTime="27-03-2022 - 16:57:11" eTime="27-03-2022 - 16:57:13" passed="3" failed="0" warnings="0" ></Summary>
<NodeArgs eType="StartAction" icon="2" nRep="62" status="Passed" >
<Disp><![CDATA[login Summary]]></Disp>
</NodeArgs>
</Action>
<Action rID="T77">
<AName><![CDATA[purcahse_pet]]></AName>
<Step rID="T78">
<Obj plainTxt="False" ><![CDATA[Service: Add Header]]></Obj>
<Details plainTxt="False" ><![CDATA[<CENTER>Add the following header to the next HTTP request :<BR><STRONG><FONT COLOR=#00AF00>Sec-Fetch-Dest: document</FONT></STRONG></CENTER>]]></Details>
<Time><![CDATA[27-03-2022 - 16:57:13]]></Time>
<TimeTick>1648380433</TimeTick>
<NodeArgs eType="General" icon="5" nRep="85" >
<Disp><![CDATA[Service: Add Header]]></Disp>
</NodeArgs>
</Step>
<Step rID="T79">
<Obj plainTxt="False" ><![CDATA[Service: Add Header]]></Obj>
<Details plainTxt="False" ><![CDATA[<CENTER>Add the following header to the next HTTP request :<BR><STRONG><FONT COLOR=#00AF00>Sec-Fetch-Mode: navigate</FONT></STRONG></CENTER>]]></Details>
<Time><![CDATA[27-03-2022 - 16:57:13]]></Time>
<TimeTick>1648380433</TimeTick>
<NodeArgs eType="General" icon="5" nRep="86" >
<Disp><![CDATA[Service: Add Header]]></Disp>
</NodeArgs>
</Step>
<Step rID="T80">
<Obj plainTxt="False" ><![CDATA[Service: Add Header]]></Obj>
<Details plainTxt="False" ><![CDATA[<CENTER>Add the following header to the next HTTP request :<BR><STRONG><FONT COLOR=#00AF00>Sec-Fetch-Site: same-origin</FONT></STRONG></CENTER>]]></Details>
<Time><![CDATA[27-03-2022 - 16:57:13]]></Time>
<TimeTick>1648380433</TimeTick>
<NodeArgs eType="General" icon="5" nRep="87" >
<Disp><![CDATA[Service: Add Header]]></Disp>
</NodeArgs>
</Step>
<Step rID="T81">
<Obj plainTxt="False" ><![CDATA[Service: Add Header]]></Obj>
<Details plainTxt="False" ><![CDATA[<CENTER>Add the following header to the next HTTP request :<BR><STRONG><FONT COLOR=#00AF00>Sec-Fetch-User: ?1</FONT></STRONG></CENTER>]]></Details>
<Time><![CDATA[27-03-2022 - 16:57:13]]></Time>
<TimeTick>1648380433</TimeTick>
<NodeArgs eType="General" icon="5" nRep="88" >
<Disp><![CDATA[Service: Add Header]]></Disp>
</NodeArgs>
</Step>
<Step rID="T82">
<Obj plainTxt="False" ><![CDATA[Service: Add Header]]></Obj>
<Details plainTxt="False" ><![CDATA[<CENTER>Add the following header to the next HTTP request :<BR><STRONG><FONT COLOR=#00AF00>Upgrade-Insecure-Requests: 1</FONT></STRONG></CENTER>]]></Details>
<Time><![CDATA[27-03-2022 - 16:57:13]]></Time>
<TimeTick>1648380433</TimeTick>
<NodeArgs eType="General" icon="5" nRep="89" >
<Disp><![CDATA[Service: Add Header]]></Disp>
</NodeArgs>
</Step>
<Step rID="T83">
<Obj plainTxt="False" ><![CDATA[Service: Add Header]]></Obj>
<Details plainTxt="False" ><![CDATA[<CENTER>Add the following header to the next HTTP request :<BR><STRONG><FONT COLOR=#00AF00>sec-ch-ua: " Not A;Brand";v="99", "Chromium";v="99", "Microsoft Edge";v="99"</FONT></STRONG></CENTER>]]></Details>
<Time><![CDATA[27-03-2022 - 16:57:13]]></Time>
<TimeTick>1648380433</TimeTick>
<NodeArgs eType="General" icon="5" nRep="90" >
<Disp><![CDATA[Service: Add Header]]></Disp>
</NodeArgs>
</Step>
<Step rID="T84">
<Obj plainTxt="False" ><![CDATA[Service: Add Header]]></Obj>
<Details plainTxt="False" ><![CDATA[<CENTER>Add the following header to the next HTTP request :<BR><STRONG><FONT COLOR=#00AF00>sec-ch-ua-mobile: ?0</FONT></STRONG></CENTER>]]></Details>
<Time><![CDATA[27-03-2022 - 16:57:13]]></Time>
<TimeTick>1648380433</TimeTick>
<NodeArgs eType="General" icon="5" nRep="91" >
<Disp><![CDATA[Service: Add Header]]></Disp>
</NodeArgs>
</Step>
<Step rID="T85">
<Obj plainTxt="False" ><![CDATA[Service: Add Header]]></Obj>
<Details plainTxt="False" ><![CDATA[<CENTER>Add the following header to the next HTTP request :<BR><STRONG><FONT COLOR=#00AF00>sec-ch-ua-platform: "Windows"</FONT></STRONG></CENTER>]]></Details>
<Time><![CDATA[27-03-2022 - 16:57:13]]></Time>
<TimeTick>1648380433</TimeTick>
<NodeArgs eType="General" icon="5" nRep="92" >
<Disp><![CDATA[Service: Add Header]]></Disp>
</NodeArgs>
</Step>
<Step rID="T86">
<Obj plainTxt="False" ><![CDATA[Url: Catalog.action_2]]></Obj>
<Details plainTxt="False" ><![CDATA[<CENTER><STRONG><FONT COLOR=#009A63>Step completed successfully</FONT></STRONG></CENTER>]]></Details>
<Time><![CDATA[27-03-2022 - 16:57:13]]></Time>
<TimeTick>1648380433</TimeTick>
<NodeArgs eType="General" icon="3" nRep="93" status="Passed" >
<Disp><![CDATA[Url: Catalog.action_2]]></Disp>
<BtmPane vType="HTMLSNSH" >
<Path><![CDATA[\Iteration1\t14.inf]]></Path>
</BtmPane>
</NodeArgs>
</Step>
<Step rID="T87">
<Obj plainTxt="False" ><![CDATA[Custom Request: 2_7]]></Obj>
<Details plainTxt="False" ><![CDATA[<CENTER><STRONG><FONT COLOR=#009A63>Step completed successfully</FONT></STRONG></CENTER>]]></Details>
<Time><![CDATA[27-03-2022 - 16:57:14]]></Time>
<TimeTick>1648380434</TimeTick>
<NodeArgs eType="General" icon="6" nRep="94" status="Passed" >
<Disp><![CDATA[Custom Request: 2_7]]></Disp>
<BtmPane vType="HTMLSNSH" >
<Path><![CDATA[\Iteration1\t15.inf]]></Path>
</BtmPane>
</NodeArgs>
</Step>
<Step rID="T88">
<Obj plainTxt="False" ><![CDATA[Service: Add Header]]></Obj>
<Details plainTxt="False" ><![CDATA[<CENTER>Add the following header to the next HTTP request :<BR><STRONG><FONT COLOR=#00AF00>Sec-Fetch-Dest: document</FONT></STRONG></CENTER>]]></Details>
<Time><![CDATA[27-03-2022 - 16:57:14]]></Time>
<TimeTick>1648380434</TimeTick>
<NodeArgs eType="General" icon="5" nRep="95" >
<Disp><![CDATA[Service: Add Header]]></Disp>
</NodeArgs>
</Step>
<Step rID="T89">
<Obj plainTxt="False" ><![CDATA[Service: Add Header]]></Obj>
<Details plainTxt="False" ><![CDATA[<CENTER>Add the following header to the next HTTP request :<BR><STRONG><FONT COLOR=#00AF00>Sec-Fetch-Mode: navigate</FONT></STRONG></CENTER>]]></Details>
<Time><![CDATA[27-03-2022 - 16:57:14]]></Time>
<TimeTick>1648380434</TimeTick>
<NodeArgs eType="General" icon="5" nRep="96" >
<Disp><![CDATA[Service: Add Header]]></Disp>
</NodeArgs>
</Step>
<Step rID="T90">
<Obj plainTxt="False" ><![CDATA[Service: Add Header]]></Obj>
<Details plainTxt="False" ><![CDATA[<CENTER>Add the following header to the next HTTP request :<BR><STRONG><FONT COLOR=#00AF00>Sec-Fetch-Site: same-origin</FONT></STRONG></CENTER>]]></Details>
<Time><![CDATA[27-03-2022 - 16:57:14]]></Time>
<TimeTick>1648380434</TimeTick>
<NodeArgs eType="General" icon="5" nRep="97" >
<Disp><![CDATA[Service: Add Header]]></Disp>
</NodeArgs>
</Step>
<Step rID="T91">
<Obj plainTxt="False" ><![CDATA[Service: Add Header]]></Obj>
<Details plainTxt="False" ><![CDATA[<CENTER>Add the following header to the next HTTP request :<BR><STRONG><FONT COLOR=#00AF00>Sec-Fetch-User: ?1</FONT></STRONG></CENTER>]]></Details>
<Time><![CDATA[27-03-2022 - 16:57:14]]></Time>
<TimeTick>1648380434</TimeTick>
<NodeArgs eType="General" icon="5" nRep="98" >
<Disp><![CDATA[Service: Add Header]]></Disp>
</NodeArgs>
</Step>
<Step rID="T92">
<Obj plainTxt="False" ><![CDATA[Service: Add Header]]></Obj>
<Details plainTxt="False" ><![CDATA[<CENTER>Add the following header to the next HTTP request :<BR><STRONG><FONT COLOR=#00AF00>Upgrade-Insecure-Requests: 1</FONT></STRONG></CENTER>]]></Details>
<Time><![CDATA[27-03-2022 - 16:57:14]]></Time>
<TimeTick>1648380434</TimeTick>
<NodeArgs eType="General" icon="5" nRep="99" >
<Disp><![CDATA[Service: Add Header]]></Disp>
</NodeArgs>
</Step>
<Step rID="T93">
<Obj plainTxt="False" ><![CDATA[Service: Add Header]]></Obj>
<Details plainTxt="False" ><![CDATA[<CENTER>Add the following header to the next HTTP request :<BR><STRONG><FONT COLOR=#00AF00>sec-ch-ua: " Not A;Brand";v="99", "Chromium";v="99", "Microsoft Edge";v="99"</FONT></STRONG></CENTER>]]></Details>
<Time><![CDATA[27-03-2022 - 16:57:14]]></Time>
<TimeTick>1648380434</TimeTick>
<NodeArgs eType="General" icon="5" nRep="100" >
<Disp><![CDATA[Service: Add Header]]></Disp>
</NodeArgs>
</Step>
<Step rID="T94">
<Obj plainTxt="False" ><![CDATA[Service: Add Header]]></Obj>
<Details plainTxt="False" ><![CDATA[<CENTER>Add the following header to the next HTTP request :<BR><STRONG><FONT COLOR=#00AF00>sec-ch-ua-mobile: ?0</FONT></STRONG></CENTER>]]></Details>
<Time><![CDATA[27-03-2022 - 16:57:14]]></Time>
<TimeTick>1648380434</TimeTick>
<NodeArgs eType="General" icon="5" nRep="101" >
<Disp><![CDATA[Service: Add Header]]></Disp>
</NodeArgs>
</Step>
<Step rID="T95">
<Obj plainTxt="False" ><![CDATA[Service: Add Header]]></Obj>
<Details plainTxt="False" ><![CDATA[<CENTER>Add the following header to the next HTTP request :<BR><STRONG><FONT COLOR=#00AF00>sec-ch-ua-platform: "Windows"</FONT></STRONG></CENTER>]]></Details>
<Time><![CDATA[27-03-2022 - 16:57:14]]></Time>
<TimeTick>1648380434</TimeTick>
<NodeArgs eType="General" icon="5" nRep="102" >
<Disp><![CDATA[Service: Add Header]]></Disp>
</NodeArgs>
</Step>
<Step rID="T96">
<Obj plainTxt="False" ><![CDATA[Url: Catalog.action_3]]></Obj>
<Details plainTxt="False" ><![CDATA[<CENTER><STRONG><FONT COLOR=#009A63>Step completed successfully</FONT></STRONG></CENTER>]]></Details>
<Time><![CDATA[27-03-2022 - 16:57:14]]></Time>
<TimeTick>1648380434</TimeTick>
<NodeArgs eType="General" icon="3" nRep="103" status="Passed" >
<Disp><![CDATA[Url: Catalog.action_3]]></Disp>
<BtmPane vType="HTMLSNSH" >
<Path><![CDATA[\Iteration1\t16.inf]]></Path>
</BtmPane>
</NodeArgs>
</Step>
<Step rID="T97">
<Obj plainTxt="False" ><![CDATA[Custom Request: 2_8]]></Obj>
<Details plainTxt="False" ><![CDATA[<CENTER><STRONG><FONT COLOR=#009A63>Step completed successfully</FONT></STRONG></CENTER>]]></Details>
<Time><![CDATA[27-03-2022 - 16:57:14]]></Time>
<TimeTick>1648380434</TimeTick>
<NodeArgs eType="General" icon="6" nRep="104" status="Passed" >
<Disp><![CDATA[Custom Request: 2_8]]></Disp>
<BtmPane vType="HTMLSNSH" >
<Path><![CDATA[\Iteration1\t17.inf]]></Path>
</BtmPane>
</NodeArgs>
</Step>
<Step rID="T98">
<Obj plainTxt="False" ><![CDATA[Service: Add Header]]></Obj>
<Details plainTxt="False" ><![CDATA[<CENTER>Add the following header to the next HTTP request :<BR><STRONG><FONT COLOR=#00AF00>Sec-Fetch-Dest: document</FONT></STRONG></CENTER>]]></Details>
<Time><![CDATA[27-03-2022 - 16:57:14]]></Time>
<TimeTick>1648380434</TimeTick>
<NodeArgs eType="General" icon="5" nRep="105" >
<Disp><![CDATA[Service: Add Header]]></Disp>
</NodeArgs>
</Step>
<Step rID="T99">
<Obj plainTxt="False" ><![CDATA[Service: Add Header]]></Obj>
<Details plainTxt="False" ><![CDATA[<CENTER>Add the following header to the next HTTP request :<BR><STRONG><FONT COLOR=#00AF00>Sec-Fetch-Mode: navigate</FONT></STRONG></CENTER>]]></Details>
<Time><![CDATA[27-03-2022 - 16:57:14]]></Time>
<TimeTick>1648380434</TimeTick>
<NodeArgs eType="General" icon="5" nRep="106" >
<Disp><![CDATA[Service: Add Header]]></Disp>
</NodeArgs>
</Step>
<Step rID="T100">
<Obj plainTxt="False" ><![CDATA[Service: Add Header]]></Obj>
<Details plainTxt="False" ><![CDATA[<CENTER>Add the following header to the next HTTP request :<BR><STRONG><FONT COLOR=#00AF00>Sec-Fetch-Site: same-origin</FONT></STRONG></CENTER>]]></Details>
<Time><![CDATA[27-03-2022 - 16:57:14]]></Time>
<TimeTick>1648380434</TimeTick>
<NodeArgs eType="General" icon="5" nRep="107" >
<Disp><![CDATA[Service: Add Header]]></Disp>
</NodeArgs>
</Step>
<Step rID="T101">
<Obj plainTxt="False" ><![CDATA[Service: Add Header]]></Obj>
<Details plainTxt="False" ><![CDATA[<CENTER>Add the following header to the next HTTP request :<BR><STRONG><FONT COLOR=#00AF00>Sec-Fetch-User: ?1</FONT></STRONG></CENTER>]]></Details>
<Time><![CDATA[27-03-2022 - 16:57:15]]></Time>
<TimeTick>1648380435</TimeTick>
<NodeArgs eType="General" icon="5" nRep="108" >
<Disp><![CDATA[Service: Add Header]]></Disp>
</NodeArgs>
</Step>
<Step rID="T102">
<Obj plainTxt="False" ><![CDATA[Service: Add Header]]></Obj>
<Details plainTxt="False" ><![CDATA[<CENTER>Add the following header to the next HTTP request :<BR><STRONG><FONT COLOR=#00AF00>Upgrade-Insecure-Requests: 1</FONT></STRONG></CENTER>]]></Details>
<Time><![CDATA[27-03-2022 - 16:57:15]]></Time>
<TimeTick>1648380435</TimeTick>
<NodeArgs eType="General" icon="5" nRep="109" >
<Disp><![CDATA[Service: Add Header]]></Disp>
</NodeArgs>
</Step>
<Step rID="T103">
<Obj plainTxt="False" ><![CDATA[Service: Add Header]]></Obj>
<Details plainTxt="False" ><![CDATA[<CENTER>Add the following header to the next HTTP request :<BR><STRONG><FONT COLOR=#00AF00>sec-ch-ua: " Not A;Brand";v="99", "Chromium";v="99", "Microsoft Edge";v="99"</FONT></STRONG></CENTER>]]></Details>
<Time><![CDATA[27-03-2022 - 16:57:15]]></Time>
<TimeTick>1648380435</TimeTick>
<NodeArgs eType="General" icon="5" nRep="110" >
<Disp><![CDATA[Service: Add Header]]></Disp>
</NodeArgs>
</Step>
<Step rID="T104">
<Obj plainTxt="False" ><![CDATA[Service: Add Header]]></Obj>
<Details plainTxt="False" ><![CDATA[<CENTER>Add the following header to the next HTTP request :<BR><STRONG><FONT COLOR=#00AF00>sec-ch-ua-mobile: ?0</FONT></STRONG></CENTER>]]></Details>
<Time><![CDATA[27-03-2022 - 16:57:15]]></Time>
<TimeTick>1648380435</TimeTick>
<NodeArgs eType="General" icon="5" nRep="111" >
<Disp><![CDATA[Service: Add Header]]></Disp>
</NodeArgs>
</Step>
<Step rID="T105">
<Obj plainTxt="False" ><![CDATA[Service: Add Header]]></Obj>
<Details plainTxt="False" ><![CDATA[<CENTER>Add the following header to the next HTTP request :<BR><STRONG><FONT COLOR=#00AF00>sec-ch-ua-platform: "Windows"</FONT></STRONG></CENTER>]]></Details>
<Time><![CDATA[27-03-2022 - 16:57:15]]></Time>
<TimeTick>1648380435</TimeTick>
<NodeArgs eType="General" icon="5" nRep="112" >
<Disp><![CDATA[Service: Add Header]]></Disp>
</NodeArgs>
</Step>
<Step rID="T106">
<Obj plainTxt="False" ><![CDATA[Url: Cart.action]]></Obj>
<Details plainTxt="False" ><![CDATA[<CENTER><STRONG><FONT COLOR=#009A63>Step completed successfully</FONT></STRONG></CENTER>]]></Details>
<Time><![CDATA[27-03-2022 - 16:57:15]]></Time>
<TimeTick>1648380435</TimeTick>
<NodeArgs eType="General" icon="3" nRep="113" status="Passed" >
<Disp><![CDATA[Url: Cart.action]]></Disp>
<BtmPane vType="HTMLSNSH" >
<Path><![CDATA[\Iteration1\t18.inf]]></Path>
</BtmPane>
</NodeArgs>
</Step>
<Step rID="T107">
<Obj plainTxt="False" ><![CDATA[Custom Request: 2_9]]></Obj>
<Details plainTxt="False" ><![CDATA[<CENTER><STRONG><FONT COLOR=#009A63>Step completed successfully</FONT></STRONG></CENTER>]]></Details>
<Time><![CDATA[27-03-2022 - 16:57:15]]></Time>
<TimeTick>1648380435</TimeTick>
<NodeArgs eType="General" icon="6" nRep="114" status="Passed" >
<Disp><![CDATA[Custom Request: 2_9]]></Disp>
<BtmPane vType="HTMLSNSH" >
<Path><![CDATA[\Iteration1\t19.inf]]></Path>
</BtmPane>
</NodeArgs>
</Step>
<Step rID="T108">
<Obj plainTxt="False" ><![CDATA[Service: Add Header]]></Obj>
<Details plainTxt="False" ><![CDATA[<CENTER>Add the following header to the next HTTP request :<BR><STRONG><FONT COLOR=#00AF00>Sec-Fetch-Site: none</FONT></STRONG></CENTER>]]></Details>
<Time><![CDATA[27-03-2022 - 16:57:16]]></Time>
<TimeTick>1648380436</TimeTick>
<NodeArgs eType="General" icon="5" nRep="115" >
<Disp><![CDATA[Service: Add Header]]></Disp>
</NodeArgs>
</Step>
<Step rID="T109">
<Obj plainTxt="False" ><![CDATA[Service: Add Header]]></Obj>
<Details plainTxt="False" ><![CDATA[<CENTER>Add the following header to the next HTTP request :<BR><STRONG><FONT COLOR=#00AF00>Sec-Fetch-Mode: no-cors</FONT></STRONG></CENTER>]]></Details>
<Time><![CDATA[27-03-2022 - 16:57:16]]></Time>
<TimeTick>1648380436</TimeTick>
<NodeArgs eType="General" icon="5" nRep="116" >
<Disp><![CDATA[Service: Add Header]]></Disp>
</NodeArgs>
</Step>
<Step rID="T110">
<Obj plainTxt="False" ><![CDATA[Service: Add Header]]></Obj>
<Details plainTxt="False" ><![CDATA[<CENTER>Add the following header to the next HTTP request :<BR><STRONG><FONT COLOR=#00AF00>Sec-Fetch-Dest: empty</FONT></STRONG></CENTER>]]></Details>
<Time><![CDATA[27-03-2022 - 16:57:16]]></Time>
<TimeTick>1648380436</TimeTick>
<NodeArgs eType="General" icon="5" nRep="117" >
<Disp><![CDATA[Service: Add Header]]></Disp>
</NodeArgs>
</Step>
<Step rID="T111">
<Obj plainTxt="False" ><![CDATA[Service: Add Header]]></Obj>
<Details plainTxt="False" ><![CDATA[<CENTER>Add the following header to the next HTTP request :<BR><STRONG><FONT COLOR=#00AF00>Sec-Mesh-Client-Arch: x86_64</FONT></STRONG></CENTER>]]></Details>
<Time><![CDATA[27-03-2022 - 16:57:16]]></Time>
<TimeTick>1648380436</TimeTick>
<NodeArgs eType="General" icon="5" nRep="118" >
<Disp><![CDATA[Service: Add Header]]></Disp>
</NodeArgs>
</Step>
<Step rID="T112">
<Obj plainTxt="False" ><![CDATA[Service: Add Header]]></Obj>
<Details plainTxt="False" ><![CDATA[<CENTER>Add the following header to the next HTTP request :<BR><STRONG><FONT COLOR=#00AF00>Sec-Mesh-Client-Edge-Channel: stable</FONT></STRONG></CENTER>]]></Details>
<Time><![CDATA[27-03-2022 - 16:57:16]]></Time>
<TimeTick>1648380436</TimeTick>
<NodeArgs eType="General" icon="5" nRep="119" >
<Disp><![CDATA[Service: Add Header]]></Disp>
</NodeArgs>
</Step>
<Step rID="T113">
<Obj plainTxt="False" ><![CDATA[Service: Add Header]]></Obj>
<Details plainTxt="False" ><![CDATA[<CENTER>Add the following header to the next HTTP request :<BR><STRONG><FONT COLOR=#00AF00>Sec-Mesh-Client-Edge-Version: 99.0.1150.55</FONT></STRONG></CENTER>]]></Details>
<Time><![CDATA[27-03-2022 - 16:57:16]]></Time>
<TimeTick>1648380436</TimeTick>
<NodeArgs eType="General" icon="5" nRep="120" >
<Disp><![CDATA[Service: Add Header]]></Disp>
</NodeArgs>
</Step>
<Step rID="T114">
<Obj plainTxt="False" ><![CDATA[Service: Add Header]]></Obj>
<Details plainTxt="False" ><![CDATA[<CENTER>Add the following header to the next HTTP request :<BR><STRONG><FONT COLOR=#00AF00>Sec-Mesh-Client-OS: Windows</FONT></STRONG></CENTER>]]></Details>
<Time><![CDATA[27-03-2022 - 16:57:16]]></Time>
<TimeTick>1648380436</TimeTick>
<NodeArgs eType="General" icon="5" nRep="121" >
<Disp><![CDATA[Service: Add Header]]></Disp>
</NodeArgs>
</Step>
<Step rID="T115">
<Obj plainTxt="False" ><![CDATA[Service: Add Header]]></Obj>
<Details plainTxt="False" ><![CDATA[<CENTER>Add the following header to the next HTTP request :<BR><STRONG><FONT COLOR=#00AF00>Sec-Mesh-Client-OS-Version: 10.0.19044</FONT></STRONG></CENTER>]]></Details>
<Time><![CDATA[27-03-2022 - 16:57:16]]></Time>
<TimeTick>1648380436</TimeTick>
<NodeArgs eType="General" icon="5" nRep="122" >
<Disp><![CDATA[Service: Add Header]]></Disp>
</NodeArgs>
</Step>
<Step rID="T116">
<Obj plainTxt="False" ><![CDATA[Service: Add Header]]></Obj>
<Details plainTxt="False" ><![CDATA[<CENTER>Add the following header to the next HTTP request :<BR><STRONG><FONT COLOR=#00AF00>Sec-Mesh-Client-WebView: 0</FONT></STRONG></CENTER>]]></Details>
<Time><![CDATA[27-03-2022 - 16:57:16]]></Time>
<TimeTick>1648380436</TimeTick>
<NodeArgs eType="General" icon="5" nRep="123" >
<Disp><![CDATA[Service: Add Header]]></Disp>
</NodeArgs>
</Step>
<Step rID="T117">
<Obj plainTxt="False" ><![CDATA[Url: find-assets_3]]></Obj>
<Details plainTxt="False" ><![CDATA[<CENTER><STRONG><FONT COLOR=#009A63>Step completed successfully</FONT></STRONG></CENTER>]]></Details>
<Time><![CDATA[27-03-2022 - 16:57:16]]></Time>
<TimeTick>1648380436</TimeTick>
<NodeArgs eType="General" icon="3" nRep="124" status="Passed" >
<Disp><![CDATA[Url: find-assets_3]]></Disp>
<BtmPane vType="HTMLSNSH" >
<Path><![CDATA[\Iteration1\t20.inf]]></Path>
</BtmPane>
</NodeArgs>
</Step>
<Step rID="T118">
<Obj plainTxt="False" ><![CDATA[Service: Add Header]]></Obj>
<Details plainTxt="False" ><![CDATA[<CENTER>Add the following header to the next HTTP request :<BR><STRONG><FONT COLOR=#00AF00>Sec-Fetch-Dest: document</FONT></STRONG></CENTER>]]></Details>
<Time><![CDATA[27-03-2022 - 16:57:16]]></Time>
<TimeTick>1648380436</TimeTick>
<NodeArgs eType="General" icon="5" nRep="125" >
<Disp><![CDATA[Service: Add Header]]></Disp>
</NodeArgs>
</Step>
<Step rID="T119">
<Obj plainTxt="False" ><![CDATA[Service: Add Header]]></Obj>
<Details plainTxt="False" ><![CDATA[<CENTER>Add the following header to the next HTTP request :<BR><STRONG><FONT COLOR=#00AF00>Sec-Fetch-Mode: navigate</FONT></STRONG></CENTER>]]></Details>
<Time><![CDATA[27-03-2022 - 16:57:16]]></Time>
<TimeTick>1648380436</TimeTick>
<NodeArgs eType="General" icon="5" nRep="126" >
<Disp><![CDATA[Service: Add Header]]></Disp>
</NodeArgs>
</Step>
<Step rID="T120">
<Obj plainTxt="False" ><![CDATA[Service: Add Header]]></Obj>
<Details plainTxt="False" ><![CDATA[<CENTER>Add the following header to the next HTTP request :<BR><STRONG><FONT COLOR=#00AF00>Sec-Fetch-Site: same-origin</FONT></STRONG></CENTER>]]></Details>
<Time><![CDATA[27-03-2022 - 16:57:16]]></Time>
<TimeTick>1648380436</TimeTick>
<NodeArgs eType="General" icon="5" nRep="127" >
<Disp><![CDATA[Service: Add Header]]></Disp>
</NodeArgs>
</Step>
<Step rID="T121">
<Obj plainTxt="False" ><![CDATA[Service: Add Header]]></Obj>
<Details plainTxt="False" ><![CDATA[<CENTER>Add the following header to the next HTTP request :<BR><STRONG><FONT COLOR=#00AF00>Sec-Fetch-User: ?1</FONT></STRONG></CENTER>]]></Details>
<Time><![CDATA[27-03-2022 - 16:57:16]]></Time>
<TimeTick>1648380436</TimeTick>
<NodeArgs eType="General" icon="5" nRep="128" >
<Disp><![CDATA[Service: Add Header]]></Disp>
</NodeArgs>
</Step>
<Step rID="T122">
<Obj plainTxt="False" ><![CDATA[Service: Add Header]]></Obj>
<Details plainTxt="False" ><![CDATA[<CENTER>Add the following header to the next HTTP request :<BR><STRONG><FONT COLOR=#00AF00>Upgrade-Insecure-Requests: 1</FONT></STRONG></CENTER>]]></Details>
<Time><![CDATA[27-03-2022 - 16:57:16]]></Time>
<TimeTick>1648380436</TimeTick>
<NodeArgs eType="General" icon="5" nRep="129" >
<Disp><![CDATA[Service: Add Header]]></Disp>
</NodeArgs>
</Step>
<Step rID="T123">
<Obj plainTxt="False" ><![CDATA[Service: Add Header]]></Obj>
<Details plainTxt="False" ><![CDATA[<CENTER>Add the following header to the next HTTP request :<BR><STRONG><FONT COLOR=#00AF00>sec-ch-ua: " Not A;Brand";v="99", "Chromium";v="99", "Microsoft Edge";v="99"</FONT></STRONG></CENTER>]]></Details>
<Time><![CDATA[27-03-2022 - 16:57:16]]></Time>
<TimeTick>1648380436</TimeTick>
<NodeArgs eType="General" icon="5" nRep="130" >
<Disp><![CDATA[Service: Add Header]]></Disp>
</NodeArgs>
</Step>
<Step rID="T124">
<Obj plainTxt="False" ><![CDATA[Service: Add Header]]></Obj>
<Details plainTxt="False" ><![CDATA[<CENTER>Add the following header to the next HTTP request :<BR><STRONG><FONT COLOR=#00AF00>sec-ch-ua-mobile: ?0</FONT></STRONG></CENTER>]]></Details>
<Time><![CDATA[27-03-2022 - 16:57:16]]></Time>
<TimeTick>1648380436</TimeTick>
<NodeArgs eType="General" icon="5" nRep="131" >
<Disp><![CDATA[Service: Add Header]]></Disp>
</NodeArgs>
</Step>
<Step rID="T125">
<Obj plainTxt="False" ><![CDATA[Service: Add Header]]></Obj>
<Details plainTxt="False" ><![CDATA[<CENTER>Add the following header to the next HTTP request :<BR><STRONG><FONT COLOR=#00AF00>sec-ch-ua-platform: "Windows"</FONT></STRONG></CENTER>]]></Details>
<Time><![CDATA[27-03-2022 - 16:57:16]]></Time>
<TimeTick>1648380436</TimeTick>
<NodeArgs eType="General" icon="5" nRep="132" >
<Disp><![CDATA[Service: Add Header]]></Disp>
</NodeArgs>
</Step>
<Step rID="T126">
<Obj plainTxt="False" ><![CDATA[Url: Order.action]]></Obj>
<Details plainTxt="False" ><![CDATA[<CENTER><STRONG><FONT COLOR=#009A63>Step completed successfully</FONT></STRONG></CENTER>]]></Details>
<Time><![CDATA[27-03-2022 - 16:57:16]]></Time>
<TimeTick>1648380436</TimeTick>
<NodeArgs eType="General" icon="3" nRep="133" status="Passed" >
<Disp><![CDATA[Url: Order.action]]></Disp>
<BtmPane vType="HTMLSNSH" >
<Path><![CDATA[\Iteration1\t21.inf]]></Path>
</BtmPane>
</NodeArgs>
</Step>
<Step rID="T127">
<Obj plainTxt="False" ><![CDATA[Custom Request: 2_10]]></Obj>
<Details plainTxt="False" ><![CDATA[<CENTER><STRONG><FONT COLOR=#009A63>Step completed successfully</FONT></STRONG></CENTER>]]></Details>
<Time><![CDATA[27-03-2022 - 16:57:17]]></Time>
<TimeTick>1648380437</TimeTick>
<NodeArgs eType="General" icon="6" nRep="134" status="Passed" >
<Disp><![CDATA[Custom Request: 2_10]]></Disp>
<BtmPane vType="HTMLSNSH" >
<Path><![CDATA[\Iteration1\t22.inf]]></Path>
</BtmPane>
</NodeArgs>
</Step>
<Step rID="T128">
<Obj plainTxt="False" ><![CDATA[Custom Request: 2_11]]></Obj>
<Details plainTxt="False" ><![CDATA[<CENTER><STRONG><FONT COLOR=#009A63>Step completed successfully</FONT></STRONG></CENTER>]]></Details>
<Time><![CDATA[27-03-2022 - 16:57:17]]></Time>
<TimeTick>1648380437</TimeTick>
<NodeArgs eType="General" icon="6" nRep="135" status="Passed" >
<Disp><![CDATA[Custom Request: 2_11]]></Disp>
<BtmPane vType="HTMLSNSH" >
<Path><![CDATA[\Iteration1\t23.inf]]></Path>
</BtmPane>
</NodeArgs>
</Step>
<Step rID="T129">
<Obj plainTxt="False" ><![CDATA[Custom Request: 2_12]]></Obj>
<Details plainTxt="False" ><![CDATA[<CENTER><STRONG><FONT COLOR=#009A63>Step completed successfully</FONT></STRONG></CENTER>]]></Details>
<Time><![CDATA[27-03-2022 - 16:57:18]]></Time>
<TimeTick>1648380438</TimeTick>
<NodeArgs eType="General" icon="6" nRep="136" status="Passed" >
<Disp><![CDATA[Custom Request: 2_12]]></Disp>
<BtmPane vType="HTMLSNSH" >
<Path><![CDATA[\Iteration1\t24.inf]]></Path>
</BtmPane>
</NodeArgs>
</Step>
<Step rID="T130">
<Obj plainTxt="False" ><![CDATA[Service: Add Header]]></Obj>
<Details plainTxt="False" ><![CDATA[<CENTER>Add the following header to the next HTTP request :<BR><STRONG><FONT COLOR=#00AF00>Origin: https://petstore.octoperf.com</FONT></STRONG></CENTER>]]></Details>
<Time><![CDATA[27-03-2022 - 16:57:18]]></Time>
<TimeTick>1648380438</TimeTick>
<NodeArgs eType="General" icon="5" nRep="137" >
<Disp><![CDATA[Service: Add Header]]></Disp>
</NodeArgs>
</Step>
<Step rID="T131">
<Obj plainTxt="False" ><![CDATA[Service: Add Auto Header]]></Obj>
<Details plainTxt="False" ><![CDATA[<CENTER>Add the following header to all subsequent HTTP requests :<BR><STRONG><FONT COLOR=#00AF00>Sec-Fetch-Dest: document</FONT></STRONG></CENTER>]]></Details>
<Time><![CDATA[27-03-2022 - 16:57:18]]></Time>
<TimeTick>1648380438</TimeTick>
<NodeArgs eType="General" icon="7" nRep="138" >
<Disp><![CDATA[Service: Add Auto Header]]></Disp>
</NodeArgs>
</Step>
<Step rID="T132">
<Obj plainTxt="False" ><![CDATA[Service: Add Auto Header]]></Obj>
<Details plainTxt="False" ><![CDATA[<CENTER>Add the following header to all subsequent HTTP requests :<BR><STRONG><FONT COLOR=#00AF00>Sec-Fetch-Mode: navigate</FONT></STRONG></CENTER>]]></Details>
<Time><![CDATA[27-03-2022 - 16:57:18]]></Time>
<TimeTick>1648380438</TimeTick>
<NodeArgs eType="General" icon="7" nRep="139" >
<Disp><![CDATA[Service: Add Auto Header]]></Disp>
</NodeArgs>
</Step>
<Step rID="T133">
<Obj plainTxt="False" ><![CDATA[Service: Add Auto Header]]></Obj>
<Details plainTxt="False" ><![CDATA[<CENTER>Add the following header to all subsequent HTTP requests :<BR><STRONG><FONT COLOR=#00AF00>Sec-Fetch-Site: same-origin</FONT></STRONG></CENTER>]]></Details>
<Time><![CDATA[27-03-2022 - 16:57:18]]></Time>
<TimeTick>1648380438</TimeTick>
<NodeArgs eType="General" icon="7" nRep="140" >
<Disp><![CDATA[Service: Add Auto Header]]></Disp>
</NodeArgs>
</Step>
<Step rID="T134">
<Obj plainTxt="False" ><![CDATA[Service: Add Auto Header]]></Obj>
<Details plainTxt="False" ><![CDATA[<CENTER>Add the following header to all subsequent HTTP requests :<BR><STRONG><FONT COLOR=#00AF00>Sec-Fetch-User: ?1</FONT></STRONG></CENTER>]]></Details>
<Time><![CDATA[27-03-2022 - 16:57:18]]></Time>
<TimeTick>1648380438</TimeTick>
<NodeArgs eType="General" icon="7" nRep="141" >
<Disp><![CDATA[Service: Add Auto Header]]></Disp>
</NodeArgs>
</Step>
<Step rID="T135">
<Obj plainTxt="False" ><![CDATA[Service: Add Auto Header]]></Obj>
<Details plainTxt="False" ><![CDATA[<CENTER>Add the following header to all subsequent HTTP requests :<BR><STRONG><FONT COLOR=#00AF00>Upgrade-Insecure-Requests: 1</FONT></STRONG></CENTER>]]></Details>
<Time><![CDATA[27-03-2022 - 16:57:18]]></Time>
<TimeTick>1648380438</TimeTick>
<NodeArgs eType="General" icon="7" nRep="142" >
<Disp><![CDATA[Service: Add Auto Header]]></Disp>
</NodeArgs>
</Step>
<Step rID="T136">
<Obj plainTxt="False" ><![CDATA[Service: Add Auto Header]]></Obj>
<Details plainTxt="False" ><![CDATA[<CENTER>Add the following header to all subsequent HTTP requests :<BR><STRONG><FONT COLOR=#00AF00>sec-ch-ua: " Not A;Brand";v="99", "Chromium";v="99", "Microsoft Edge";v="99"</FONT></STRONG></CENTER>]]></Details>
<Time><![CDATA[27-03-2022 - 16:57:18]]></Time>
<TimeTick>1648380438</TimeTick>
<NodeArgs eType="General" icon="7" nRep="143" >
<Disp><![CDATA[Service: Add Auto Header]]></Disp>
</NodeArgs>
</Step>
<Step rID="T137">
<Obj plainTxt="False" ><![CDATA[Service: Add Auto Header]]></Obj>
<Details plainTxt="False" ><![CDATA[<CENTER>Add the following header to all subsequent HTTP requests :<BR><STRONG><FONT COLOR=#00AF00>sec-ch-ua-mobile: ?0</FONT></STRONG></CENTER>]]></Details>
<Time><![CDATA[27-03-2022 - 16:57:18]]></Time>
<TimeTick>1648380438</TimeTick>
<NodeArgs eType="General" icon="7" nRep="144" >
<Disp><![CDATA[Service: Add Auto Header]]></Disp>
</NodeArgs>
</Step>
<Step rID="T138">
<Obj plainTxt="False" ><![CDATA[Service: Add Auto Header]]></Obj>
<Details plainTxt="False" ><![CDATA[<CENTER>Add the following header to all subsequent HTTP requests :<BR><STRONG><FONT COLOR=#00AF00>sec-ch-ua-platform: "Windows"</FONT></STRONG></CENTER>]]></Details>
<Time><![CDATA[27-03-2022 - 16:57:18]]></Time>
<TimeTick>1648380438</TimeTick>
<NodeArgs eType="General" icon="7" nRep="145" >
<Disp><![CDATA[Service: Add Auto Header]]></Disp>
</NodeArgs>
</Step>
<Step rID="T139">
<Obj plainTxt="False" ><![CDATA[Submit Data: Order.action_2]]></Obj>
<Details plainTxt="False" ><![CDATA[<CENTER><STRONG><FONT COLOR=#009A63>Step completed successfully</FONT></STRONG></CENTER>]]></Details>
<Time><![CDATA[27-03-2022 - 16:57:19]]></Time>
<TimeTick>1648380439</TimeTick>
<NodeArgs eType="General" icon="9" nRep="146" status="Passed" >
<Disp><![CDATA[Submit Data: Order.action_2]]></Disp>
<BtmPane vType="HTMLSNSH" >
<Path><![CDATA[\Iteration1\t25.inf]]></Path>
</BtmPane>
</NodeArgs>
</Step>
<Step rID="T140">
<Obj plainTxt="False" ><![CDATA[Link: Confirm]]></Obj>
<Details plainTxt="False" ><![CDATA[<CENTER><STRONG><FONT COLOR=#009A63>Step completed successfully</FONT></STRONG></CENTER>]]></Details>
<Time><![CDATA[27-03-2022 - 16:57:19]]></Time>
<TimeTick>1648380439</TimeTick>
<NodeArgs eType="General" icon="10" nRep="147" status="Passed" >
<Disp><![CDATA[Link: Confirm]]></Disp>
<BtmPane vType="HTMLSNSH" >
<Path><![CDATA[\Iteration1\t26.inf]]></Path>
</BtmPane>
</NodeArgs>
</Step>
<Step rID="T141">
<Obj plainTxt="False" ><![CDATA[Service: Remove/Revert Auto Header]]></Obj>
<Details plainTxt="False" ><![CDATA[<CENTER>Remove/revert <BR><STRONG><FONT COLOR=#00AF00>Sec-Fetch-Dest</FONT></STRONG> header, implicit generation: <STRONG>Yes</STRONG></CENTER>]]></Details>
<Time><![CDATA[27-03-2022 - 16:57:19]]></Time>
<TimeTick>1648380439</TimeTick>
<NodeArgs eType="General" icon="8" nRep="148" >
<Disp><![CDATA[Service: Remove/Revert Auto Header]]></Disp>
</NodeArgs>
</Step>
<Step rID="T142">
<Obj plainTxt="False" ><![CDATA[Service: Remove/Revert Auto Header]]></Obj>
<Details plainTxt="False" ><![CDATA[<CENTER>Remove/revert <BR><STRONG><FONT COLOR=#00AF00>Sec-Fetch-Mode</FONT></STRONG> header, implicit generation: <STRONG>Yes</STRONG></CENTER>]]></Details>
<Time><![CDATA[27-03-2022 - 16:57:19]]></Time>
<TimeTick>1648380439</TimeTick>
<NodeArgs eType="General" icon="8" nRep="149" >
<Disp><![CDATA[Service: Remove/Revert Auto Header]]></Disp>
</NodeArgs>
</Step>
<Step rID="T143">
<Obj plainTxt="False" ><![CDATA[Service: Remove/Revert Auto Header]]></Obj>
<Details plainTxt="False" ><![CDATA[<CENTER>Remove/revert <BR><STRONG><FONT COLOR=#00AF00>Sec-Fetch-Site</FONT></STRONG> header, implicit generation: <STRONG>Yes</STRONG></CENTER>]]></Details>
<Time><![CDATA[27-03-2022 - 16:57:19]]></Time>
<TimeTick>1648380439</TimeTick>
<NodeArgs eType="General" icon="8" nRep="150" >
<Disp><![CDATA[Service: Remove/Revert Auto Header]]></Disp>
</NodeArgs>
</Step>
<Step rID="T144">
<Obj plainTxt="False" ><![CDATA[Service: Remove/Revert Auto Header]]></Obj>
<Details plainTxt="False" ><![CDATA[<CENTER>Remove/revert <BR><STRONG><FONT COLOR=#00AF00>Sec-Fetch-User</FONT></STRONG> header, implicit generation: <STRONG>Yes</STRONG></CENTER>]]></Details>
<Time><![CDATA[27-03-2022 - 16:57:19]]></Time>
<TimeTick>1648380439</TimeTick>
<NodeArgs eType="General" icon="8" nRep="151" >
<Disp><![CDATA[Service: Remove/Revert Auto Header]]></Disp>
</NodeArgs>
</Step>
<Step rID="T145">
<Obj plainTxt="False" ><![CDATA[Service: Remove/Revert Auto Header]]></Obj>
<Details plainTxt="False" ><![CDATA[<CENTER>Remove/revert <BR><STRONG><FONT COLOR=#00AF00>Upgrade-Insecure-Requests</FONT></STRONG> header, implicit generation: <STRONG>Yes</STRONG></CENTER>]]></Details>
<Time><![CDATA[27-03-2022 - 16:57:19]]></Time>
<TimeTick>1648380439</TimeTick>
<NodeArgs eType="General" icon="8" nRep="152" >
<Disp><![CDATA[Service: Remove/Revert Auto Header]]></Disp>
</NodeArgs>
</Step>
<Step rID="T146">
<Obj plainTxt="False" ><![CDATA[Service: Remove/Revert Auto Header]]></Obj>
<Details plainTxt="False" ><![CDATA[<CENTER>Remove/revert <BR><STRONG><FONT COLOR=#00AF00>sec-ch-ua</FONT></STRONG> header, implicit generation: <STRONG>Yes</STRONG></CENTER>]]></Details>
<Time><![CDATA[27-03-2022 - 16:57:19]]></Time>
<TimeTick>1648380439</TimeTick>
<NodeArgs eType="General" icon="8" nRep="153" >
<Disp><![CDATA[Service: Remove/Revert Auto Header]]></Disp>
</NodeArgs>
</Step>
<Step rID="T147">
<Obj plainTxt="False" ><![CDATA[Service: Remove/Revert Auto Header]]></Obj>
<Details plainTxt="False" ><![CDATA[<CENTER>Remove/revert <BR><STRONG><FONT COLOR=#00AF00>sec-ch-ua-mobile</FONT></STRONG> header, implicit generation: <STRONG>Yes</STRONG></CENTER>]]></Details>
<Time><![CDATA[27-03-2022 - 16:57:19]]></Time>
<TimeTick>1648380439</TimeTick>
<NodeArgs eType="General" icon="8" nRep="154" >
<Disp><![CDATA[Service: Remove/Revert Auto Header]]></Disp>
</NodeArgs>
</Step>
<Step rID="T148">
<Obj plainTxt="False" ><![CDATA[Service: Remove/Revert Auto Header]]></Obj>
<Details plainTxt="False" ><![CDATA[<CENTER>Remove/revert <BR><STRONG><FONT COLOR=#00AF00>sec-ch-ua-platform</FONT></STRONG> header, implicit generation: <STRONG>Yes</STRONG></CENTER>]]></Details>
<Time><![CDATA[27-03-2022 - 16:57:19]]></Time>
<TimeTick>1648380439</TimeTick>
<NodeArgs eType="General" icon="8" nRep="155" >
<Disp><![CDATA[Service: Remove/Revert Auto Header]]></Disp>
</NodeArgs>
</Step>
<Step rID="T149">
<Obj plainTxt="False" ><![CDATA[Custom Request: 2_13]]></Obj>
<Details plainTxt="False" ><![CDATA[<CENTER><STRONG><FONT COLOR=#009A63>Step completed successfully</FONT></STRONG></CENTER>]]></Details>
<Time><![CDATA[27-03-2022 - 16:57:19]]></Time>
<TimeTick>1648380439</TimeTick>
<NodeArgs eType="General" icon="6" nRep="156" status="Passed" >
<Disp><![CDATA[Custom Request: 2_13]]></Disp>
<BtmPane vType="HTMLSNSH" >
<Path><![CDATA[\Iteration1\t27.inf]]></Path>
</BtmPane>
</NodeArgs>
</Step>
<Summary sTime="27-03-2022 - 16:57:13" eTime="27-03-2022 - 16:57:19" passed="14" failed="0" warnings="0" ></Summary>
<NodeArgs eType="StartAction" icon="2" nRep="84" status="Passed" >
<Disp><![CDATA[purcahse_pet Summary]]></Disp>
</NodeArgs>
</Action>
<NodeArgs eType="StartIteration" icon="4" nRep="9" status="Passed" >
<Disp><![CDATA[NewScript Iteration 1 (Row 1)]]></Disp>
</NodeArgs>
</DIter>
<Action rID="T150">
<AName><![CDATA[vuser_end]]></AName>
<Step rID="T151">
<Obj plainTxt="False" ><![CDATA[Custom Request: 2_14]]></Obj>
<Details plainTxt="False" ><![CDATA[<CENTER><STRONG><FONT COLOR=#009A63>Step completed successfully</FONT></STRONG></CENTER>]]></Details>
<Time><![CDATA[27-03-2022 - 16:57:20]]></Time>
<TimeTick>1648380440</TimeTick>
<NodeArgs eType="General" icon="6" nRep="160" status="Passed" >
<Disp><![CDATA[Custom Request: 2_14]]></Disp>
<BtmPane vType="HTMLSNSH" >
<Path><![CDATA[\Iteration1\t28.inf]]></Path>
</BtmPane>
</NodeArgs>
</Step>
<Step rID="T152">
<Obj plainTxt="False" ><![CDATA[Service: Add Header]]></Obj>
<Details plainTxt="False" ><![CDATA[<CENTER>Add the following header to the next HTTP request :<BR><STRONG><FONT COLOR=#00AF00>Sec-Fetch-Dest: document</FONT></STRONG></CENTER>]]></Details>
<Time><![CDATA[27-03-2022 - 16:57:20]]></Time>
<TimeTick>1648380440</TimeTick>
<NodeArgs eType="General" icon="5" nRep="161" >
<Disp><![CDATA[Service: Add Header]]></Disp>
</NodeArgs>
</Step>
<Step rID="T153">
<Obj plainTxt="False" ><![CDATA[Service: Add Header]]></Obj>
<Details plainTxt="False" ><![CDATA[<CENTER>Add the following header to the next HTTP request :<BR><STRONG><FONT COLOR=#00AF00>Sec-Fetch-Mode: navigate</FONT></STRONG></CENTER>]]></Details>
<Time><![CDATA[27-03-2022 - 16:57:20]]></Time>
<TimeTick>1648380440</TimeTick>
<NodeArgs eType="General" icon="5" nRep="162" >
<Disp><![CDATA[Service: Add Header]]></Disp>
</NodeArgs>
</Step>
<Step rID="T154">
<Obj plainTxt="False" ><![CDATA[Service: Add Header]]></Obj>
<Details plainTxt="False" ><![CDATA[<CENTER>Add the following header to the next HTTP request :<BR><STRONG><FONT COLOR=#00AF00>Sec-Fetch-Site: same-origin</FONT></STRONG></CENTER>]]></Details>
<Time><![CDATA[27-03-2022 - 16:57:20]]></Time>
<TimeTick>1648380440</TimeTick>
<NodeArgs eType="General" icon="5" nRep="163" >
<Disp><![CDATA[Service: Add Header]]></Disp>
</NodeArgs>
</Step>
<Step rID="T155">
<Obj plainTxt="False" ><![CDATA[Service: Add Header]]></Obj>
<Details plainTxt="False" ><![CDATA[<CENTER>Add the following header to the next HTTP request :<BR><STRONG><FONT COLOR=#00AF00>Sec-Fetch-User: ?1</FONT></STRONG></CENTER>]]></Details>
<Time><![CDATA[27-03-2022 - 16:57:20]]></Time>
<TimeTick>1648380440</TimeTick>
<NodeArgs eType="General" icon="5" nRep="164" >
<Disp><![CDATA[Service: Add Header]]></Disp>
</NodeArgs>
</Step>
<Step rID="T156">
<Obj plainTxt="False" ><![CDATA[Service: Add Header]]></Obj>
<Details plainTxt="False" ><![CDATA[<CENTER>Add the following header to the next HTTP request :<BR><STRONG><FONT COLOR=#00AF00>Upgrade-Insecure-Requests: 1</FONT></STRONG></CENTER>]]></Details>
<Time><![CDATA[27-03-2022 - 16:57:20]]></Time>
<TimeTick>1648380440</TimeTick>
<NodeArgs eType="General" icon="5" nRep="165" >
<Disp><![CDATA[Service: Add Header]]></Disp>
</NodeArgs>
</Step>
<Step rID="T157">
<Obj plainTxt="False" ><![CDATA[Service: Add Header]]></Obj>
<Details plainTxt="False" ><![CDATA[<CENTER>Add the following header to the next HTTP request :<BR><STRONG><FONT COLOR=#00AF00>sec-ch-ua: " Not A;Brand";v="99", "Chromium";v="99", "Microsoft Edge";v="99"</FONT></STRONG></CENTER>]]></Details>
<Time><![CDATA[27-03-2022 - 16:57:20]]></Time>
<TimeTick>1648380440</TimeTick>
<NodeArgs eType="General" icon="5" nRep="166" >
<Disp><![CDATA[Service: Add Header]]></Disp>
</NodeArgs>
</Step>
<Step rID="T158">
<Obj plainTxt="False" ><![CDATA[Service: Add Header]]></Obj>
<Details plainTxt="False" ><![CDATA[<CENTER>Add the following header to the next HTTP request :<BR><STRONG><FONT COLOR=#00AF00>sec-ch-ua-mobile: ?0</FONT></STRONG></CENTER>]]></Details>
<Time><![CDATA[27-03-2022 - 16:57:20]]></Time>
<TimeTick>1648380440</TimeTick>
<NodeArgs eType="General" icon="5" nRep="167" >
<Disp><![CDATA[Service: Add Header]]></Disp>
</NodeArgs>
</Step>
<Step rID="T159">
<Obj plainTxt="False" ><![CDATA[Service: Add Header]]></Obj>
<Details plainTxt="False" ><![CDATA[<CENTER>Add the following header to the next HTTP request :<BR><STRONG><FONT COLOR=#00AF00>sec-ch-ua-platform: "Windows"</FONT></STRONG></CENTER>]]></Details>
<Time><![CDATA[27-03-2022 - 16:57:20]]></Time>
<TimeTick>1648380440</TimeTick>
<NodeArgs eType="General" icon="5" nRep="168" >
<Disp><![CDATA[Service: Add Header]]></Disp>
</NodeArgs>
</Step>
<Step rID="T160">
<Obj plainTxt="False" ><![CDATA[Url: Account.action_5]]></Obj>
<Details plainTxt="False" ><![CDATA[<CENTER><STRONG><FONT COLOR=#009A63>Step completed successfully</FONT></STRONG></CENTER>]]></Details>
<Time><![CDATA[27-03-2022 - 16:57:20]]></Time>
<TimeTick>1648380440</TimeTick>
<NodeArgs eType="General" icon="3" nRep="169" status="Passed" >
<Disp><![CDATA[Url: Account.action_5]]></Disp>
<BtmPane vType="HTMLSNSH" >
<Path><![CDATA[\Iteration1\t29.inf]]></Path>
</BtmPane>
</NodeArgs>
</Step>
<Summary sTime="27-03-2022 - 16:57:19" eTime="27-03-2022 - 16:57:20" passed="2" failed="0" warnings="0" ></Summary>
<NodeArgs eType="StartAction" icon="2" nRep="159" status="Passed" >
<Disp><![CDATA[vuser_end Summary]]></Disp>
</NodeArgs>
</Action>
<Summary sTime="27-03-2022 - 16:57:03" eTime="27-03-2022 - 16:57:20" passed="29" failed="0" warnings="0" ></Summary>
<NodeArgs eType="StartTest" icon="1" nRep="4" status="Passed" >
<Disp><![CDATA[Test NewScript Summary]]></Disp>
</NodeArgs>
</Doc>
</Report>