{"OutputFileHashSum":"046DF8B1093FEF57B87804A218B17D00171F153382DFFD0800C33F6728A80C6C","Converted":true,"OutputModifyDate":"2022-03-27T11:27:20.7432117Z","Metadatas":[{"CategoryName":"VuGen.Replay","Offset":3579,"Length":23,"TypeId":2},{"CategoryName":"VuGen.Replay","Offset":3602,"Length":226,"TypeId":3},{"CategoryName":"VuGen.Replay","Offset":50657,"Length":21,"TypeId":2}],"MetadataTypes":[{"CategoryName":"VuGen.Replay","MetadataTypeName":"Utt.Debugger.Error","Id":1},{"CategoryName":"VuGen.Replay","MetadataTypeName":"HP.LR.Vugen.Iteration","Id":2},{"CategoryName":"VuGen.Replay","MetadataTypeName":"Utt.Debugger.Warning","Id":3}]}