[
    {
        "actionName": "Action",
        "steps": [],
        "transactions": []
    },
    {
        "actionName": "new_user",
        "steps": [
            {
                "stepId": "STEP3",
                "stepName": "Url: Account.action;jsessionid=AD8DC83251F23F592175E96BB227206A",
                "infFile": "t3.inf",
                "time": 1648380427078
            },
            {
                "stepId": "STEP4",
                "stepName": "Custom Request: 2_3",
                "infFile": "t4.inf",
                "time": 1648380427539
            },
            {
                "stepId": "STEP5",
                "stepName": "Custom Request: update",
                "infFile": "t5.inf",
                "time": 1648380428206
            },
            {
                "stepId": "STEP6",
                "stepName": "Url: selection",
                "infFile": "t6.inf",
                "time": 1648380428957
            },
            {
                "stepId": "STEP7",
                "stepName": "Url: Account.action",
                "infFile": "t7.inf",
                "time": 1648380429760
            },
            {
                "stepId": "STEP8",
                "stepName": "Custom Request: 2_4",
                "infFile": "t8.inf",
                "time": 1648380430356
            },
            {
                "stepId": "STEP9",
                "stepName": "Custom Request: 2_5",
                "infFile": "t9.inf",
                "time": 1648380430889
            },
            {
                "stepId": "STEP10",
                "stepName": "Submit Data: Account.action_2",
                "infFile": "t10.inf",
                "time": 1648380431633
            }
        ],
        "transactions": []
    },
    {
        "actionName": "login",
        "steps": [
            {
                "stepId": "STEP11",
                "stepName": "Url: Account.action_3",
                "infFile": "t11.inf",
                "time": 1648380432076
            },
            {
                "stepId": "STEP12",
                "stepName": "Custom Request: 2_6",
                "infFile": "t12.inf",
                "time": 1648380432581
            },
            {
                "stepId": "STEP13",
                "stepName": "Submit Data: Account.action_4",
                "infFile": "t13.inf",
                "time": 1648380433259
            }
        ],
        "transactions": []
    },
    {
        "actionName": "purcahse_pet",
        "steps": [
            {
                "stepId": "STEP14",
                "stepName": "Url: Catalog.action_2",
                "infFile": "t14.inf",
                "time": 1648380433653
            },
            {
                "stepId": "STEP15",
                "stepName": "Custom Request: 2_7",
                "infFile": "t15.inf",
                "time": 1648380434127
            },
            {
                "stepId": "STEP16",
                "stepName": "Url: Catalog.action_3",
                "infFile": "t16.inf",
                "time": 1648380434467
            },
            {
                "stepId": "STEP17",
                "stepName": "Custom Request: 2_8",
                "infFile": "t17.inf",
                "time": 1648380434916
            },
            {
                "stepId": "STEP18",
                "stepName": "Url: Cart.action",
                "infFile": "t18.inf",
                "time": 1648380435308
            },
            {
                "stepId": "STEP19",
                "stepName": "Custom Request: 2_9",
                "infFile": "t19.inf",
                "time": 1648380435990
            },
            {
                "stepId": "STEP20",
                "stepName": "Url: find-assets_3",
                "infFile": "t20.inf",
                "time": 1648380436353
            },
            {
                "stepId": "STEP21",
                "stepName": "Url: Order.action",
                "infFile": "t21.inf",
                "time": 1648380436732
            },
            {
                "stepId": "STEP22",
                "stepName": "Custom Request: 2_10",
                "infFile": "t22.inf",
                "time": 1648380437459
            },
            {
                "stepId": "STEP23",
                "stepName": "Custom Request: 2_11",
                "infFile": "t23.inf",
                "time": 1648380437864
            },
            {
                "stepId": "STEP24",
                "stepName": "Custom Request: 2_12",
                "infFile": "t24.inf",
                "time": 1648380438357
            },
            {
                "stepId": "STEP25",
                "stepName": "Submit Data: Order.action_2",
                "infFile": "t25.inf",
                "time": 1648380439022
            },
            {
                "stepId": "STEP26",
                "stepName": "Link: Confirm",
                "infFile": "t26.inf",
                "time": 1648380439280
            },
            {
                "stepId": "STEP27",
                "stepName": "Custom Request: 2_13",
                "infFile": "t27.inf",
                "time": 1648380439870
            }
        ],
        "transactions": []
    }
]