[
    {
        "actionName": "vuser_end",
        "steps": [
            {
                "stepId": "STEP28",
                "stepName": "Custom Request: 2_14",
                "infFile": "t28.inf",
                "time": 1648380440332
            },
            {
                "stepId": "STEP29",
                "stepName": "Url: Account.action_5",
                "infFile": "t29.inf",
                "time": 1648380440738
            }
        ],
        "transactions": []
    }
]