[
    {
        "actionName": "vuser_init",
        "steps": [
            {
                "stepId": "STEP1",
                "stepName": "Url: petstore.octoperf.com",
                "infFile": "t1.inf",
                "time": 1648380425986
            },
            {
                "stepId": "STEP2",
                "stepName": "Url: Catalog.action",
                "infFile": "t2.inf",
                "time": 1648380426678
            }
        ],
        "transactions": []
    }
]