{"f":"raf","v":"1.0","rdr":[{"c":"Anaheim Password Monitor","u":"Consent Save Password"}],"ad":{"TITLE_SAVE":"Save your password","TITLE_UPDATE":"Save your password","TITLE_SAVED_PASSWORD":"Save your password","TITLE_NO_SAVED_PASSWORD":"Save your password","MAIN_DESCRIPTION":"Microsoft Edge can save and fill your password for this site next time","MAIN_DESCRIPTION_UPDATE":"Microsoft Edge can save and fill your password for this site next time","CONSENT_DESCRIPTION":"Let Microsoft Edge check passwords you’ve saved in the browser and alert you if they’ve been compromised on the internet.","CONSENT_ICON":"","CONSENT_TEXT":"Learn more","MAIN_CTA":"OK","SECONDARY_CTA":"Never","SAVE_UPDATE_VIEW_ID":"12"},"tracking":{"baseUri":"https://ris.api.iris.microsoft.com/v1/a/{ACTION}?PG=IRIS000001.0000000360&UNID=88000360&CID=128000000003081769&PID=425461021&TargetID=700375323&REQASID=&ASID=90C8467E7E624D7AB659A98D8D1E8225&REQT=20220327T112710&UIT=E-&ID=8454288085638227936&region=IN&SLOT=&RV=&RS=&ER_AC=&EDGEID=8454288085638227936&DS_EVTID=90C8467E7E624D7AB659A98D8D1E8225&WFIDS=&DEVOSVER=10.0.19044.1586&APP=&ARCRAS=&CLR=ESDK&lang=&oem=&devFam=&ossku=&cmdVer=&mo=&cap=&bSrc=i.m"},"prm":{"_id":"128000000003081769","_imp":"https://arc.msn.com/v3/Delivery/Events/Impression?PID=425461021&TID=700375323&CID=128000000003081769&BID=1994146631&PG=IRIS000001.0000000360&TPID=425461021&REQASID=&ASID=90C8467E7E624D7AB659A98D8D1E8225&SLOT=&REQT=20220327T112710&MA_Score=2&EDGEID=8454288085638227936&DS_EVTID=90C8467E7E624D7AB659A98D8D1E8225&PG=IRIS000001.0000000360&UNID=88000360&MAP_TID=18935631-DA31-4B8D-884F-B16A56CB37C4&NCT=1&ASID=90C8467E7E624D7AB659A98D8D1E8225&ARC=1&EMS=1&LOCALE=EN&COUNTRY=IN&HTD=-1&LANG=9&DEVLANG=EN&CIP=49.36.18.71&OPTOUTSTATE=256&HTTPS=1&DEVOSVER=10.0.19044.1586&DEVOSMAJ=10&DEVOSMIN=0&DEVOSBLD=19044&DEVOSMINBLD=1586&ABUILD=99.0.4844.74&AMAJOR=99&AMINOR=0&ABLD=4844&APATCH=74&MARKETBASEDCOUNTRY=IN&CLR=ESDK&CFMT=&H=0&W=0&FESVER=1.3&ADEFAB=1&OPSYS=WIN10&ACHANNEL=4&UITHEME=DARK&CHNL=CFD&ID=8454288085638227936&UIT=E"}}