<SOAP-ENV:Envelope xmlns:xsi="http://www.w3.org/2001/XMLSchema-instance" xmlns:xsd="http://www.w3.org/2001/XMLSchema" xmlns:SOAP-ENC="http://schemas.xmlsoap.org/soap/encoding/" xmlns:SOAP-ENV="http://schemas.xmlsoap.org/soap/envelope/" xmlns:clr="http://schemas.microsoft.com/soap/encoding/clr/1.0" SOAP-ENV:encodingStyle="http://schemas.xmlsoap.org/soap/encoding/">
<SOAP-ENV:Body>
<a1:TSLASupervisor id="ref-1" xmlns:a1="http://schemas.microsoft.com/clr/nsassem/SLASupervisor/Analysis.SLA">
<m_SLARulesInfos href="#ref-5"/>
<m_TrackingPeriodType>Default</m_TrackingPeriodType>
<m_TrackingPeriodValue>0</m_TrackingPeriodValue>
<m_TrackingPeriodTimeScale>NoTime</m_TrackingPeriodTimeScale>
<m_TrackingPeriodValueInSec>5</m_TrackingPeriodValueInSec>
<m_DataProvider href="#ref-6"/>
</a1:TSLASupervisor>
<a2:ArrayList id="ref-5" xmlns:a2="http://schemas.microsoft.com/clr/ns/System.Collections">
<_items href="#ref-7"/>
<_size>6</_size>
<_version>6</_version>
</a2:ArrayList>
<a5:TSLADataProvider id="ref-6" xmlns:a5="http://schemas.microsoft.com/clr/nsassem/SLADataProvider/Analysis.SLA">
</a5:TSLADataProvider>
<SOAP-ENC:Array id="ref-7" SOAP-ENC:arrayType="xsd:anyType[8]">
<item href="#ref-8"/>
<item href="#ref-9"/>
<item href="#ref-10"/>
<item href="#ref-11"/>
<item href="#ref-12"/>
<item href="#ref-13"/>
</SOAP-ENC:Array>
<a7:SLARuleInfo id="ref-8" xmlns:a7="http://schemas.microsoft.com/clr/nsassem/SLARules/Analysis.SLA">
<m_RuleDef href="#ref-14"/>
<m_RuleData href="#ref-15"/>
<m_RuleResult href="#ref-16"/>
<m_strId>transaction_response_time_percentile_Action_Transaction</m_strId>
<m_IsValid>true</m_IsValid>
<m_PrimaryException xsi:null="1"/>
</a7:SLARuleInfo>
<a7:SLARuleInfo id="ref-9" xmlns:a7="http://schemas.microsoft.com/clr/nsassem/SLARules/Analysis.SLA">
<m_RuleDef href="#ref-17"/>
<m_RuleData href="#ref-18"/>
<m_RuleResult href="#ref-19"/>
<m_strId>transaction_response_time_percentile_login_Transaction</m_strId>
<m_IsValid>true</m_IsValid>
<m_PrimaryException xsi:null="1"/>
</a7:SLARuleInfo>
<a7:SLARuleInfo id="ref-10" xmlns:a7="http://schemas.microsoft.com/clr/nsassem/SLARules/Analysis.SLA">
<m_RuleDef href="#ref-20"/>
<m_RuleData href="#ref-21"/>
<m_RuleResult href="#ref-22"/>
<m_strId>transaction_response_time_percentile_new_user_Transaction</m_strId>
<m_IsValid>true</m_IsValid>
<m_PrimaryException xsi:null="1"/>
</a7:SLARuleInfo>
<a7:SLARuleInfo id="ref-11" xmlns:a7="http://schemas.microsoft.com/clr/nsassem/SLARules/Analysis.SLA">
<m_RuleDef href="#ref-23"/>
<m_RuleData href="#ref-24"/>
<m_RuleResult href="#ref-25"/>
<m_strId>transaction_response_time_percentile_purcahse_pet_Transaction</m_strId>
<m_IsValid>true</m_IsValid>
<m_PrimaryException xsi:null="1"/>
</a7:SLARuleInfo>
<a7:SLARuleInfo id="ref-12" xmlns:a7="http://schemas.microsoft.com/clr/nsassem/SLARules/Analysis.SLA">
<m_RuleDef href="#ref-26"/>
<m_RuleData href="#ref-27"/>
<m_RuleResult href="#ref-28"/>
<m_strId>transaction_response_time_percentile_vuser_end_Transaction</m_strId>
<m_IsValid>true</m_IsValid>
<m_PrimaryException xsi:null="1"/>
</a7:SLARuleInfo>
<a7:SLARuleInfo id="ref-13" xmlns:a7="http://schemas.microsoft.com/clr/nsassem/SLARules/Analysis.SLA">
<m_RuleDef href="#ref-29"/>
<m_RuleData href="#ref-30"/>
<m_RuleResult href="#ref-31"/>
<m_strId>transaction_response_time_percentile_vuser_init_Transaction</m_strId>
<m_IsValid>true</m_IsValid>
<m_PrimaryException xsi:null="1"/>
</a7:SLARuleInfo>
<a7:SLAPercentileRuleDef id="ref-14" xmlns:a7="http://schemas.microsoft.com/clr/nsassem/SLARules/Analysis.SLA">
<FSubMsrName>Action_Transaction</FSubMsrName>
<FGoalValue>0</FGoalValue>
<FPercentage>90</FPercentage>
<m_RuleName>transaction_response_time_percentile_Action_Transaction</m_RuleName>
<m_RuleUIName>Transaction Response Time (Percentile)</m_RuleUIName>
<m_Measurement>transaction_response_time_percentile</m_Measurement>
<m_CalcDirection>greater_than_equal</m_CalcDirection>
<SLARuleDef_x002B_m_RuleName>transaction_response_time_percentile_Action_Transaction</SLARuleDef_x002B_m_RuleName>
<SLARuleDef_x002B_m_RuleUIName>Transaction Response Time (Percentile)</SLARuleDef_x002B_m_RuleUIName>
<SLARuleDef_x002B_m_Measurement>transaction_response_time_percentile</SLARuleDef_x002B_m_Measurement>
<SLARuleDef_x002B_m_CalcDirection>greater_than_equal</SLARuleDef_x002B_m_CalcDirection>
</a7:SLAPercentileRuleDef>
<a7:SimpleRuleData id="ref-15" xmlns:a7="http://schemas.microsoft.com/clr/nsassem/SLARules/Analysis.SLA">
<m_RealValue>0</m_RealValue>
</a7:SimpleRuleData>
<a7:SLASimpleRuleResult id="ref-16" xmlns:a7="http://schemas.microsoft.com/clr/nsassem/SLARules/Analysis.SLA">
<m_Status>rulesStatusOK</m_Status>
<m_RealValue>0</m_RealValue>
<m_GoalValue>0</m_GoalValue>
</a7:SLASimpleRuleResult>
<a7:SLAPercentileRuleDef id="ref-17" xmlns:a7="http://schemas.microsoft.com/clr/nsassem/SLARules/Analysis.SLA">
<FSubMsrName>login_Transaction</FSubMsrName>
<FGoalValue>0</FGoalValue>
<FPercentage>90</FPercentage>
<m_RuleName>transaction_response_time_percentile_login_Transaction</m_RuleName>
<m_RuleUIName>Transaction Response Time (Percentile)</m_RuleUIName>
<m_Measurement>transaction_response_time_percentile</m_Measurement>
<m_CalcDirection>greater_than_equal</m_CalcDirection>
<SLARuleDef_x002B_m_RuleName>transaction_response_time_percentile_login_Transaction</SLARuleDef_x002B_m_RuleName>
<SLARuleDef_x002B_m_RuleUIName>Transaction Response Time (Percentile)</SLARuleDef_x002B_m_RuleUIName>
<SLARuleDef_x002B_m_Measurement>transaction_response_time_percentile</SLARuleDef_x002B_m_Measurement>
<SLARuleDef_x002B_m_CalcDirection>greater_than_equal</SLARuleDef_x002B_m_CalcDirection>
</a7:SLAPercentileRuleDef>
<a7:SimpleRuleData id="ref-18" xmlns:a7="http://schemas.microsoft.com/clr/nsassem/SLARules/Analysis.SLA">
<m_RealValue>1.045</m_RealValue>
</a7:SimpleRuleData>
<a7:SLASimpleRuleResult id="ref-19" xmlns:a7="http://schemas.microsoft.com/clr/nsassem/SLARules/Analysis.SLA">
<m_Status>rulesStatusFail</m_Status>
<m_RealValue>1.045</m_RealValue>
<m_GoalValue>0</m_GoalValue>
</a7:SLASimpleRuleResult>
<a7:SLAPercentileRuleDef id="ref-20" xmlns:a7="http://schemas.microsoft.com/clr/nsassem/SLARules/Analysis.SLA">
<FSubMsrName>new_user_Transaction</FSubMsrName>
<FGoalValue>0</FGoalValue>
<FPercentage>90</FPercentage>
<m_RuleName>transaction_response_time_percentile_new_user_Transaction</m_RuleName>
<m_RuleUIName>Transaction Response Time (Percentile)</m_RuleUIName>
<m_Measurement>transaction_response_time_percentile</m_Measurement>
<m_CalcDirection>greater_than_equal</m_CalcDirection>
<SLARuleDef_x002B_m_RuleName>transaction_response_time_percentile_new_user_Transaction</SLARuleDef_x002B_m_RuleName>
<SLARuleDef_x002B_m_RuleUIName>Transaction Response Time (Percentile)</SLARuleDef_x002B_m_RuleUIName>
<SLARuleDef_x002B_m_Measurement>transaction_response_time_percentile</SLARuleDef_x002B_m_Measurement>
<SLARuleDef_x002B_m_CalcDirection>greater_than_equal</SLARuleDef_x002B_m_CalcDirection>
</a7:SLAPercentileRuleDef>
<a7:SimpleRuleData id="ref-21" xmlns:a7="http://schemas.microsoft.com/clr/nsassem/SLARules/Analysis.SLA">
<m_RealValue>4.756</m_RealValue>
</a7:SimpleRuleData>
<a7:SLASimpleRuleResult id="ref-22" xmlns:a7="http://schemas.microsoft.com/clr/nsassem/SLARules/Analysis.SLA">
<m_Status>rulesStatusFail</m_Status>
<m_RealValue>4.756</m_RealValue>
<m_GoalValue>0</m_GoalValue>
</a7:SLASimpleRuleResult>
<a7:SLAPercentileRuleDef id="ref-23" xmlns:a7="http://schemas.microsoft.com/clr/nsassem/SLARules/Analysis.SLA">
<FSubMsrName>purcahse_pet_Transaction</FSubMsrName>
<FGoalValue>0</FGoalValue>
<FPercentage>90</FPercentage>
<m_RuleName>transaction_response_time_percentile_purcahse_pet_Transaction</m_RuleName>
<m_RuleUIName>Transaction Response Time (Percentile)</m_RuleUIName>
<m_Measurement>transaction_response_time_percentile</m_Measurement>
<m_CalcDirection>greater_than_equal</m_CalcDirection>
<SLARuleDef_x002B_m_RuleName>transaction_response_time_percentile_purcahse_pet_Transaction</SLARuleDef_x002B_m_RuleName>
<SLARuleDef_x002B_m_RuleUIName>Transaction Response Time (Percentile)</SLARuleDef_x002B_m_RuleUIName>
<SLARuleDef_x002B_m_Measurement>transaction_response_time_percentile</SLARuleDef_x002B_m_Measurement>
<SLARuleDef_x002B_m_CalcDirection>greater_than_equal</SLARuleDef_x002B_m_CalcDirection>
</a7:SLAPercentileRuleDef>
<a7:SimpleRuleData id="ref-24" xmlns:a7="http://schemas.microsoft.com/clr/nsassem/SLARules/Analysis.SLA">
<m_RealValue>5.266</m_RealValue>
</a7:SimpleRuleData>
<a7:SLASimpleRuleResult id="ref-25" xmlns:a7="http://schemas.microsoft.com/clr/nsassem/SLARules/Analysis.SLA">
<m_Status>rulesStatusFail</m_Status>
<m_RealValue>5.266</m_RealValue>
<m_GoalValue>0</m_GoalValue>
</a7:SLASimpleRuleResult>
<a7:SLAPercentileRuleDef id="ref-26" xmlns:a7="http://schemas.microsoft.com/clr/nsassem/SLARules/Analysis.SLA">
<FSubMsrName>vuser_end_Transaction</FSubMsrName>
<FGoalValue>0</FGoalValue>
<FPercentage>90</FPercentage>
<m_RuleName>transaction_response_time_percentile_vuser_end_Transaction</m_RuleName>
<m_RuleUIName>Transaction Response Time (Percentile)</m_RuleUIName>
<m_Measurement>transaction_response_time_percentile</m_Measurement>
<m_CalcDirection>greater_than_equal</m_CalcDirection>
<SLARuleDef_x002B_m_RuleName>transaction_response_time_percentile_vuser_end_Transaction</SLARuleDef_x002B_m_RuleName>
<SLARuleDef_x002B_m_RuleUIName>Transaction Response Time (Percentile)</SLARuleDef_x002B_m_RuleUIName>
<SLARuleDef_x002B_m_Measurement>transaction_response_time_percentile</SLARuleDef_x002B_m_Measurement>
<SLARuleDef_x002B_m_CalcDirection>greater_than_equal</SLARuleDef_x002B_m_CalcDirection>
</a7:SLAPercentileRuleDef>
<a7:SimpleRuleData id="ref-27" xmlns:a7="http://schemas.microsoft.com/clr/nsassem/SLARules/Analysis.SLA">
<m_RealValue>0.793</m_RealValue>
</a7:SimpleRuleData>
<a7:SLASimpleRuleResult id="ref-28" xmlns:a7="http://schemas.microsoft.com/clr/nsassem/SLARules/Analysis.SLA">
<m_Status>rulesStatusFail</m_Status>
<m_RealValue>0.793</m_RealValue>
<m_GoalValue>0</m_GoalValue>
</a7:SLASimpleRuleResult>
<a7:SLAPercentileRuleDef id="ref-29" xmlns:a7="http://schemas.microsoft.com/clr/nsassem/SLARules/Analysis.SLA">
<FSubMsrName>vuser_init_Transaction</FSubMsrName>
<FGoalValue>0</FGoalValue>
<FPercentage>90</FPercentage>
<m_RuleName>transaction_response_time_percentile_vuser_init_Transaction</m_RuleName>
<m_RuleUIName>Transaction Response Time (Percentile)</m_RuleUIName>
<m_Measurement>transaction_response_time_percentile</m_Measurement>
<m_CalcDirection>greater_than_equal</m_CalcDirection>
<SLARuleDef_x002B_m_RuleName>transaction_response_time_percentile_vuser_init_Transaction</SLARuleDef_x002B_m_RuleName>
<SLARuleDef_x002B_m_RuleUIName>Transaction Response Time (Percentile)</SLARuleDef_x002B_m_RuleUIName>
<SLARuleDef_x002B_m_Measurement>transaction_response_time_percentile</SLARuleDef_x002B_m_Measurement>
<SLARuleDef_x002B_m_CalcDirection>greater_than_equal</SLARuleDef_x002B_m_CalcDirection>
</a7:SLAPercentileRuleDef>
<a7:SimpleRuleData id="ref-30" xmlns:a7="http://schemas.microsoft.com/clr/nsassem/SLARules/Analysis.SLA">
<m_RealValue>2.03799999</m_RealValue>
</a7:SimpleRuleData>
<a7:SLASimpleRuleResult id="ref-31" xmlns:a7="http://schemas.microsoft.com/clr/nsassem/SLARules/Analysis.SLA">
<m_Status>rulesStatusFail</m_Status>
<m_RealValue>2.03799999</m_RealValue>
<m_GoalValue>0</m_GoalValue>
</a7:SLASimpleRuleResult>
</SOAP-ENV:Body>
</SOAP-ENV:Envelope>
