{"actions":[{"$type":"cache","key":{"uri":"petstore.octoperf.com/actions/account.action?signonform=","inheritance":"none"},"maxAge":100800000000,"serverContext":"1;f94c025f-7523-6972-b613-ce2c246c55ce;UNKN:100;0.01","responseCategory":"Allowed","result":{"$type":"evaluate"}}],"serverContext":"1;f94c025f-7523-6972-b613-ce2c246c55ce;UNKN:100;0.01","result":{"$type":"evaluate","responseCategory":"Allowed","serverContext":"1;f94c025f-7523-6972-b613-ce2c246c55ce;UNKN:100;0.01","feedbackUrl":"https://feedback.smartscreen.microsoft.com/feedback.aspx?v=6&t=12553&result=none&type=top&ur=UNKN%3A100&osVer=10.0.19044.1586.vb_release&ieVer=9.11.19041.0&prodGuid=381ddd1e-e600-42de-94ed-8c34bf73f16d&locale=en-GB&fv=281479416053761&dv=637811103879324684&url=aHR0cHM6Ly9wZXRzdG9yZS5vY3RvcGVyZi5jb20vYWN0aW9ucy9BY2NvdW50LmFjdGlvbj9zaWdub25Gb3JtPQ%3D%3D&refUrl=aHR0cHM6Ly9wZXRzdG9yZS5vY3RvcGVyZi5jb20vYWN0aW9ucy9DYXRhbG9nLmFjdGlvbg%3D%3D&corrId=FF3E045E-7F89-4769-9E76-7E45A136D2CC"}}