{"actions":[{"$type":"cache","key":{"uri":"petstore.octoperf.com/actions/cart.action?additemtocart=&workingitemid=est-6","inheritance":"none"},"maxAge":100800000000,"serverContext":"1;f94c025f-7523-6972-b613-ce2c246c55ce;UNKN:100;0.01","responseCategory":"Allowed","result":{"$type":"evaluate"}}],"serverContext":"1;f94c025f-7523-6972-b613-ce2c246c55ce;UNKN:100;0.01","result":{"$type":"evaluate","responseCategory":"Allowed","serverContext":"1;f94c025f-7523-6972-b613-ce2c246c55ce;UNKN:100;0.01","feedbackUrl":"https://feedback.smartscreen.microsoft.com/feedback.aspx?v=6&t=12553&result=none&type=top&ur=UNKN%3A100&osVer=10.0.19044.1586.vb_release&ieVer=9.11.19041.0&prodGuid=381ddd1e-e600-42de-94ed-8c34bf73f16d&locale=en-GB&fv=281479416053761&dv=637811103879324684&url=aHR0cHM6Ly9wZXRzdG9yZS5vY3RvcGVyZi5jb20vYWN0aW9ucy9DYXJ0LmFjdGlvbj9hZGRJdGVtVG9DYXJ0PSZ3b3JraW5nSXRlbUlkPUVTVC02&refUrl=aHR0cHM6Ly9wZXRzdG9yZS5vY3RvcGVyZi5jb20vYWN0aW9ucy9DYXRhbG9nLmFjdGlvbj92aWV3UHJvZHVjdD0mcHJvZHVjdElkPUs5LUJELTAx&corrId=7E32DFA4-3C63-4EC1-994F-5EC14216DEB7"}}