{"ECS":{"ConfigLogTarget":"edge_stable"},"Edge":{"EdgeShoppingCouponClippingSelector":{"enableFeatures":["msShoppingExp1"]},"EdgeShoppingEnabledStatus":{"enableFeatures":["msEdgeShoppingPersonalizedCashbackBingHeader"]},"OnCloseNurFTrigger":{"enableFeatures":["msEdgeNurturingBrowserCloseTrigger"]},"ReadAloudIconInAddressBar":{"enableFeatures":["msShowReadAloudIconInAddressBar"]},"ImmersiveReaderIOS":{"enableFeatures":["msEdgeImmersiveReaderIOS"]},"EdgeShoppingCompressedNotifications":{"enableFeatures":["msShoppingExp34","msShoppingExp22","msShoppingExp17","msShoppingExp21","msShoppingExp19"]},"EdgeShoppingRemindMeLater":{"enableFeatures":["msShoppingExp17","msShoppingExp22","'msEdgeShoppingUpdateAllAutoShowPref","msEdgeShoppingAutoShowControlForFeature","msEdgeShoppingAutoShowMuteForFeature"],"parameters":[{"name":"duration","value":"1"}]},"FacilitatedBooking":{"enableFeatures":["msEdgeFacilitatedBooking"]},"SuperResV2Settings":{"enableFeatures":["msEdgeSuperResSafeSites"],"parameters":[{"name":"sites","value":"all_with_blocklist"}]},"CILongRunning":{"enableFeatures":["msEdgeContinuousMigrationLongRunning"]},"SecureModePageInfo":{"enableFeatures":["msEdgeSDSMPageInfoIntegrationEnabled"]},"IgnoreCAWPrompt":{"enableFeatures":["msIgnoreCAWPrompt"]},"WebAppNoCCTForURLHandling":{"enableFeatures":["msWebAppNoCCTForURLHandling"]},"EdgePasswordSettingsUIV2":{"enableFeatures":["msEdgePasswordSettingsUIV2"]},"TriggeringSignalGenerator":{"enableFeatures":["msTriggeringSignalGenerator"]},"EdgeAndFeedsIdentityConsistency":{"enableFeatures":["msEdgeProngPersonalization"]},"NTPHijackingInfluentialFeatures":{"enableFeatures":["msSuspiciousUrlRedirectEnabled","msSuspiciousInfluentialUrlRedirectEnabled"]},"NurturingPasswordGrowthCampaign":{"enableFeatures":["msNurturingImportPassword"]},"EdgeMobileFontSizeiOSABTest":{"enableFeatures":["WebPageTextAccessibility","msEdgeBadgeTypeRedPoint"]},"TyposquattingChecker":{"enableFeatures":["msTyposquattingChecker","msTyposquattingCheckerLookalike","msTyposquattingCheckerJaccard","msTyposquattingCheckerTPList","msTyposquattingCheckerPreValidatedTruePositiveList","msTyposquattingUX"]},"ImageAutoCaptioning":{"enableFeatures":["ExperimentalEdgeAccessibilityLabels"]},"MobileUpsellOnQRcode":{"enableFeatures":["msFeatureMmxUpsellOnQRCodeUI"]},"DelegatedInkTrailsPrediction":{"enableFeatures":["DrawPredictedInkPoint"],"parameters":[{"name":"predicted_points","value":"2-pt-6ms"},{"name":"predictor","value":"linear-resampling"}]},"neededgebanner":{"enableFeatures":["msBannerFlowv2"]},"EdgeAndroidLongScreenshotABTest1129":{"enableFeatures":["msEdgeLongScreenshotOnAndroid","msEdgeBadgeTypeRedPoint"]},"EdgeShoppingPriceDropNotifications":{"enableFeatures":["msEdgeShoppingServerNotifications","msEdgeShoppingMUID","msWebAssistQuery","msEEProactiveHistory","msEdgePwiloItemDeletion"]},"WebsiteEdgeQuickSearchSidebarRollout":{"enableFeatures":["msWebOOUI","msEnableSmartActions","msQuickSearchEnableUnifiedSettingsUx","msWebOOUIEnableDisabledSites","msQuickSearchEnableIconCompactMenu","msOOUIEnableSearch","msDetectLanguageByBingAPI","msEnableSmartActionsInFullMenu","msShowBingBrandToNonBingUsers","msQuickSearchEnableSpace","msPdfQuickSearchMenu","msUseCongitiveTranslatorAPI","mEnableHideDefineOptionInRegions","msEnableAutoExpandForSite"]},"OptoutinNeedEdge":{"enableFeatures":["msShowPermaEdgeOptOutForNthRedirection"]},"PCManagersFeatures":{"enableFeatures":["msEdgePCManagersEnabled"]},"SHSOmniboxPerfFix":{"enableFeatures":["msWebAssistHistoryInOmnibox"]},"CombinedSignInSyncInPlace":{"enableFeatures":["msCombinedSignInAndSyncFavorites","msCombinedSignInAndSyncExtensions"]},"AndroidFontSizeFeature":{"enableFeatures":["msEdgeFontSizeTestOnAndroid"]},"DevToolsDynamicWelcome":{"enableFeatures":["msEdgeDynamicWelcome"]},"LaunchTimeNavigationSignal":{"enableFeatures":["msUserAgentLaunchNavTypeBrowser"]},"PerformanceHub":{"enableFeatures":["msPerfControlCenter"]},"CombinedSyncSignIn":{"enableFeatures":["msCombinedSyncSignIn"]},"IntentPickerBubbleNewDesign":{"enableFeatures":["msIntentPickerBubbleNewDesign"]},"BingNewTabBackButton":{"enableFeatures":["msEnableBingNewTabBackButtonFocusAndClose"]},"NurturingFeatureCIUpsellSaveFavPass":{"enableFeatures":["msNurturingFeatureCIUpsellSaveFavPass"]},"EdgeSuperResSettings":{"enableFeatures":["msEdgeSuperResSettings"]},"Edge3P":{"enableFeatures":["msEnable3P","msNurturingThirdPartySearchConsent","msEdge3PTelemetry","msNurturingThirdPartySearchNotificationDelay"],"parameters":[{"name":"campaign_delay","value":"300"}]},"AutofillEdgePersonalInfoSelectAndDelete":{"enableFeatures":["msAutofillEdgePersonalInfoSelectAndDelete"]},"DevToolsDetachedElements":{"enableFeatures":["msEdgeDevToolsDetachedElements"]},"NurturingAssistanceHome":{"enableFeatures":["msEdgeEnableAssistanceHome","msEnabledEdgeNFOfflineIntegrationInAssistanceHome","msNurturingDismissTriggerForHub"]},"OpenTabsWithChromeRunning":{"enableFeatures":["msImportOpenTabsFromChromeWithFileLocked"]},"EdgeWebCaptureOOUIExperiment":{"enableFeatures":["msEdgeWebCaptureOOUIExperiment"],"parameters":[{"name":"menu","value":"edit"}]},"SmartScreenDnsOverHttps":{"enableFeatures":["msSmartScreenBrowserDnsLookups"]},"SpeechRecognition":{"enableFeatures":["msSpeechRecognition"]},"CFROmniboxURLColor":{"enableFeatures":["OmniboxUIFeature"],"parameters":[{"name":"OmniboxUIURLColorLightTheme","value":"4279919511"}]},"RolloutOmniboxZeroInputInCurrentTab":{"enableFeatures":["msOmniboxLocalZeroInputOnCurrentTab"]},"NurturingSyncUpsellConsentLaunch":{"enableFeatures":["msNurturingSyncUpsellConsentLaunch","msEdgeSyncHistoryOpenTabRolloutNurturing"]},"EdgeBarV2FeatureRollout":{"enableFeatures":["msDesktopMode","msDesktopModeAuth","msDesktopModeToolsMenu","msDesktopWidgetPrivateApi","msOmniboxDesktopModeBing","msDesktopModeSettings","msDesktopModeMouseCapture","msDesktopModePin","msDesktopModeAutoHide","msDesktopModeRewards","msDesktopModeDesktopSearch","msDesktopModeTabs","msDesktopModeTranslucency","msDesktopModePinOnByDefault","msDesktopModeBingResultsInTab","msDesktopModeTabsRecycle","msDesktopModeAnimation","msDesktopModeJumplistEntry"]},"SyncUpsellConsent":{"enableFeatures":["msNurturingSyncUpsellConsentFavorites","msNurturingSyncUpsellConsentPasswords"]},"EdgeRewardsHubNoButtonRollout":{"enableFeatures":["msEdgeRewardsHub","msRewardsDailySetNotificationEnabled","msEdgeRewardsDotNotification"]},"EdgeShoppingVisualRefreshCFR":{"enableFeatures":["msShoppingExp3"]},"EfficiencyModeEnabledOffByDefault":{"enableFeatures":["msPerformanceModeToggle","msPerformanceModeDefaultOff"]},"SyncUpsellPrompt":{"enableFeatures":["msNurturingSyncUpsellPrompt"]},"NurturingFrameworkIrisRollout":{"enableFeatures":["msEdgeNurFIrisSupport"]},"EdgeShoppingExpressCheckoutCFR":{"enableFeatures":["msEdgeShoppingExpressCheckoutFillDetails"]},"ContinuosImportModuleRollout":{"enableFeatures":["msEdgeContinuousChromeImport","msEdgeContinuousAutofillImport","msEdgeContinuousPaymentsImport","msEdgeContinuousPasswordImport","msEdgeContinuousMigrationLogging","msEdgeContinuousCookiesImport","msEdgeContinuousHistoryImport"]},"CIProtocolLaunchRollout":{"enableFeatures":["msNurturingCIUPsellProtocolLaunchBanner"]},"PdfRaisePPAPIProcessLimit":{"enableFeatures":["msRaisePluginProcessLimit"]},"PdfDiagnostics":{"enableFeatures":["msPdfReportDiagnostics"]},"RolloutOmniboxMaxSuggestions":{"enableFeatures":["OmniboxUIExperimentMaxAutocompleteMatches"],"parameters":[{"name":"UIMaxAutocompleteMatches","value":"9"}]},"SendLocaleOnPriceComparison":{"enableFeatures":["msShoppingUapiExp0","msEdgeShoppingPriceComparisonEnIn","msEdgeShoppingPriceHistoryEnIn"]},"AddWebCapturesToCollections2":{"enableFeatures":["msEdgeAddWebCapturetoCollections"]},"GrowthInfraLaunchSourceLogging":{"enableFeatures":["msGrowthInfraLaunchSourceLogging"]},"RolloutStableDemoteURL":{"enableFeatures":["OmniboxDemoteByType"],"parameters":[{"name":"DemoteByType:*:*","value":"1:61,2:61,3:61,4:61,5:61,16:61"}]},"FamilySafetySinglePageApplication":{"enableFeatures":["msFamilySafetyForSinglePageApplications"]},"FamilySafetyCrossPlatform":{"enableFeatures":["msFamilySafetyCrossPlatform"]},"BroCon":{"enableFeatures":["msEnableReactPageInfoServices"]},"OnStartupCoalesce":{"enableFeatures":["msCombineStartHomeNTP"]},"NurturingFrameworkRollout":{"enableFeatures":["msEdgeEnableNurturingFramework"]},"ImageSearchInSidebar":{"enableFeatures":["msSidebarSearchForImageAfterSearchWebFor"]},"EdgeSendTabToSelf":{"enableFeatures":["msEdgeSendTabToSelf"]},"EdgeFeedbackShowRecreateButton":{"enableFeatures":["msEdgeFeedbackShowRecreateButton"]},"OnlineVoicesOpus":{"enableFeatures":["msOpusFormat"]},"PasswordImportCSV":{"enableFeatures":["msEdgePasswordImport"]},"TabPreview":{"enableFeatures":["TabHoverCards"]},"QuickView":{"enableFeatures":["msOpenOfficeDocumentsInWebViewer"]},"SpeedBump":{"enableFeatures":["msAskBeforeClosingMultipleTabs"]},"BingLocation":{"enableFeatures":["msEnableReactPermissionRequest","msEnableReactBingRequest"]},"NotificationPermissionAdaptiveUiSelection":{"enableFeatures":["msAdaptiveNotificationPermissionUiSelector"],"parameters":[{"name":"enable_adaptive_activation","value":"true"},{"name":"crowd_deny_hold_back_chance","value":"0.05"}]},"EdgeOnRampShowVersionWhatsNew":{"enableFeatures":["msEdgeOnRampShowWhatsNew"],"parameters":[{"name":"Browser Version","value":"99.0.1150.0"}]},"SpartanReimport":{"enableFeatures":["msEdgeOnRampReimport"]},"CFR UseHttpsForDownload":{"enableFeatures":["msUseHttpsForDownloadingCrx"]},"SmartCopy":{"enableFeatures":["msEdgeAreaSelect","msEdgeShowScrimForSmartCopyHideWhenSelectionStarts","msEdgeSmartCopyUseNewContextMenuTextTwo"]},"PermaEdge_microfeedback":{"enableFeatures":["msShowPermaEdgeDismissConfirmationMicroFeedback"]},"PermaEdgeOnNthNeedEdge":{"enableFeatures":["msPermaEdgeOnNthNeedEdgeTrigger"],"parameters":[{"name":"NValueToShowPermaEdge","value":"3,8,13,18,23,28, 33, 38,43,48,53,58,63,68,73,78,83,88,93,98,103,108,113,118,123,128,133,138,143,148,153,158,163,168,173,178,183,188,193,198,203,208,213,218,223,228,233,238,243,248,253,258,263,268,273,278,283,288,293,298,303"}]}},"EdgeConfig":{"DisablePrivateNetworkAccessSendPreflights":{"disableFeatures":["PrivateNetworkAccessSendPreflights"]},"EdgeShoppingProductHistory":{"enableFeatures":["msWebAssistQuery"]},"EdgeShoppingDefaultConfigWinOnly":{"enableFeatures":["msEdgeShoppingFlyoutRightAligned"]},"EdgeShoppingDefaultConfig":{"enableFeatures":["msEEProactiveHistory","msEdgeServerSideShopping","msEdgeShoppingUpdateLoadTimeData","msEdgeShoppingAutoshowRebatesCheckoutOnEveryNavigation","msEdgeShoppingUnifiedAPIExtractionLogging","msEdgePwiloItemDeletion","msEdgeShoppingAutoShowControlForFeature","msEdgeShoppingSupressPriceComparisonAutoShow","msShoppingAutoShowLowerPrices","msEdgeShoppingProfessionalReviews","msEdgeShoppingVideoReviews","msEdgePriceDropAutoShow","msEdgeShoppingGuestDomainCoupons","msEdgeShoppingPersistentStorage","msEdgeShoppingPriceHistoryProductByRegexFailed","msEdgeShoppingCheckoutPageRegex","msEdgePwiloPriceHistory","msEdgeShoppingRebatesSignUp","msEdgeShoppingPersistentBloomFilter"]},"msPdfLinearization":{"disableFeatures":["msPdfEnableLinearization"]},"DisableTargetEmbeddingAndIDN":{"disableFeatures":["msUpstreamLookAlikeChecks"]},"DnsOverHttpsUi":{"parameters":[{"name":"DisabledProviders","value":"Quad9Secure,Cox"},{"name":"ShowUi","value":"true"}],"enableFeatures":["DnsOverHttps","DnsOverHttpsUpgrade"]},"QUIC":{"parameters":[{"name":"enable_quic","value":"true"},{"name":"quic_version","value":"h3,h3-29,h3-Q050"},{"name":"disable_tls_zero_rtt","value":"true"},{"name":"retransmittable_on_wire_timeout_milliseconds","value":"200"},{"name":"allow_port_migration","value":"true"},{"name":"epoch","value":"20210916"},{"name":"channel","value":"S"}]},"EdgeStartupMetricsHardFaultCount":{"enableFeatures":["msEdgeEnableDiagnosticEventHardFaults"],"parameters":[{"name":"HardFaultCountMin","value":"2000"},{"name":"HardFaultCountMax","value":"1000000"}]},"TelemetryPopSampleSampling":{"enableFeatures":["msForceTelemetrySampling","msLogTestUniformDistributionHistogram"],"parameters":[{"name":"group1PopSample","value":"100"},{"name":"group2PopSample","value":"20"},{"name":"group3PopSample","value":"100"},{"name":"group4PopSample","value":"1"},{"name":"group5PopSample","value":"1"},{"name":"group6PopSample","value":"100"},{"name":"defaultGroupPopSample","value":"0"},{"name":"criticalPopSample","value":"100"},{"name":"measurePopSample","value":"1"},{"name":"telemetryPopSample","value":"0"}]},"OverrideHistograms":{"enableFeatures":["msHistogramsGovernanceList"],"parameters":[{"name":"msHistogramOverrideList","value":"Microsoft.FRE.NewDeviceFRE,1,1;Microsoft.FRE.NewDeviceFRE.BannerShown,1,1;Microsoft.FRE.NewDeviceFRE.BannerInteractionStatus,1,1;Microsoft.Shopping.ShowPopup,1,1;Microsoft.Shopping.Actions,1,1;Microsoft.Autofill.Password.BreachDetection.FullCheckTime,1,,2097168;Microsoft.Autofill.Password.Count,1,,2105376;Microsoft.SpellCheck.Editor.Usage,1,,2097188;Microsoft.Rewards.Engagement,1,,2101296;Microsoft.Rewards.State,1,,2101296;Microsoft.Autofill.EdgeUserHappiness.Coupon,1,,2101300;Microsoft.Shopping.ButtonText,1,,2117668;Microsoft.Shopping.ContentViewed,1,,2101284;Microsoft.Shopping.ShowPopup,1,,2121764;Microsoft.Coupons.DomainFilterFetch.HttpResponseCode,1,,2097172;Microsoft.TabManager.Freezing.AutomaticTabFreezeEnabled,1,,2097184;Microsoft.Sentiment.NPS,1,1;Microsoft.Session.InactivityDuration,1,1;Microsoft.Session.EdgeSessionDuration,1,1;Microsoft.FRE.AcquisitionPath,1,1;Microsoft.FRE.AcquisitionHoursAfterLogon,1,1;Microsoft.Session.EdgeSessionCount,1,1;Microsoft.FRE.AcquisitionLogonTimeSuccess,1,1;IOS.IsDefaultBrowser,1,1;"}]}},"EdgeDomainActions":{"prism_explorer_override":{"version":1,"policies":[{"name":"OptIn","type":"PrismExplorerTypeOptIn"},{"name":"OptOut","type":"PrismExplorerTypeOptOut"}],"applications":[{"domain":"img-s-msn-com.akamaized.net","applied_policy":"OptOut"},{"domain":"azurewebsites.net","applied_policy":"OptOut"},{"domain":"bing-exp.*","applied_policy":"OptOut"},{"domain":"bing.com","applied_policy":"OptOut"},{"domain":"www.caisse-epargne.fr","applied_policy":"OptOut"},{"domain":"codepen.io","applied_policy":"OptOut"},{"domain":"duckduckgo.com","applied_policy":"OptOut"},{"domain":"facebook.com","applied_policy":"OptOut"},{"domain":"free-freecell-solitaire.com","applied_policy":"OptOut"},{"domain":"google.*","applied_policy":"OptOut"},{"domain":"instacart.com","applied_policy":"OptOut"},{"domain":"instagram.com","applied_policy":"OptOut"},{"domain":"linkedin.*","applied_policy":"OptOut"},{"domain":"mapquest.*","applied_policy":"OptOut"},{"domain":"netflix.*","applied_policy":"OptOut"},{"domain":"office.com","applied_policy":"OptOut"},{"domain":"officeapps.live.com","applied_policy":"OptOut"},{"domain":"openrailwaymap.org","applied_policy":"OptOut"},{"domain":"outbrainimg.com","applied_policy":"OptOut"},{"domain":"search.naver.com","applied_policy":"OptOut"},{"domain":"search.yahoo.com","applied_policy":"OptOut"},{"domain":"sharepoint.com","applied_policy":"OptOut"},{"domain":"staging-bing-int.*","applied_policy":"OptOut"},{"domain":"sygic.*","applied_policy":"OptOut"},{"domain":"target.com","applied_policy":"OptOut"},{"domain":"techcommunity.microsoft.com","applied_policy":"OptOut"},{"domain":"tiktok.com","applied_policy":"OptOut"},{"domain":"twitter.com","applied_policy":"OptOut"},{"domain":"web.whatsapp.com","applied_policy":"OptOut"},{"domain":"yammer.com","applied_policy":"OptOut"},{"domain":"youtube.com","applied_policy":"OptOut"}]},"ecp_override":{"version":1,"policies":[{"name":"PlainTextURLsOnly","type":"ECPOnlyPlaintextURLs"}],"applications":[{"applied_policy":"PlainTextURLsOnly","domain":"hangouts.google.com"},{"applied_policy":"PlainTextURLsOnly","domain":"slack.com"},{"applied_policy":"PlainTextURLsOnly","domain":"facebook.com"},{"applied_policy":"PlainTextURLsOnly","domain":"wechat.com"},{"applied_policy":"PlainTextURLsOnly","domain":"weixin.com"},{"applied_policy":"PlainTextURLsOnly","domain":"qq.com"},{"applied_policy":"PlainTextURLsOnly","domain":"webex.com"},{"applied_policy":"PlainTextURLsOnly","domain":"wordpress.com"}]},"web_notification_override":{"applications":[{"applied_policy":"prompt","domain":"www.reddit.com"},{"applied_policy":"prompt","domain":"www.telegraphindia.com"},{"applied_policy":"prompt","domain":"timesofindia.indiatimes.com"},{"applied_policy":"prompt","domain":"pushengage.com"},{"applied_policy":"prompt","domain":"www.timesnownews.com"},{"applied_policy":"prompt","domain":"www.couponrani.com"},{"applied_policy":"prompt","domain":"www.wholesomeyum.com"},{"applied_policy":"prompt","domain":"www.asklaila.com"},{"applied_policy":"prompt","domain":"www.sammobile.com"},{"applied_policy":"prompt","domain":"www.ecuavisa.com"},{"applied_policy":"prompt","domain":"uz.sputniknews.ru"},{"applied_policy":"prompt","domain":"www.ndtv.com"},{"applied_policy":"prompt","domain":"www.elimparcial.com"},{"applied_policy":"prompt","domain":"www.povarenok.ru"},{"applied_policy":"prompt","domain":"www.estadao.com.br"},{"applied_policy":"prompt","domain":"olxpakistan.os.tc"},{"applied_policy":"prompt","domain":"televisa.com"},{"applied_policy":"prompt","domain":"uol.com.br"},{"applied_policy":"prompt","domain":"www.axisbank.com"},{"applied_policy":"prompt","domain":"mutualfund.adityabirlacapital.com"},{"applied_policy":"prompt","domain":"www.facebook.com"},{"applied_policy":"prompt","domain":"www.instagram.com"},{"applied_policy":"prompt","domain":"www.messenger.com"}],"policies":[{"name":"prompt","reason":"","type":"","value":""}],"version":1},"codec_override":{"version":1,"policies":[{"name":"HideMfHevcCodec","type":"MfHevcCodec"}],"applications":[{"applied_policy":"HideMfHevcCodec","domain":"tv.apple.com"},{"applied_policy":"HideMfHevcCodec","domain":"nintendo.com"}]},"idl_override":{"applications":[{"applied_policy":"ExposePrefixedEME","domain":"netflix.com"},{"applied_policy":"ExposePrefixedEME","domain":"music.amazon.co.jp"},{"applied_policy":"ExposePrefixedEME","domain":"music.amazon.co.uk"},{"applied_policy":"ExposePrefixedEME","domain":"music.amazon.com"},{"applied_policy":"ExposePrefixedEME","domain":"music.amazon.de"},{"applied_policy":"ExposePrefixedEME","domain":"music.amazon.es"},{"applied_policy":"ExposePrefixedEME","domain":"music.amazon.fr"},{"applied_policy":"ExposePrefixedEME","domain":"music.amazon.in"},{"applied_policy":"ExposePrefixedEME","domain":"music.amazon.it"},{"applied_policy":"ExposePrefixedEME","domain":"music.amazon.ca"},{"applied_policy":"ExposePrefixedEME","domain":"music.amazon.com.br"},{"domain":"sling.com","applied_policy":"ExposePrefixedEME"},{"domain":"openidconnectweb.azurewebsites.net","applied_policy":"ExposePrefixedEME"}],"policies":[{"name":"ExposePrefixedEME","type":"PrefixedEme"}],"version":1},"cdm_override":{"version":1,"policies":[{"name":"OnlyExposePlayReady","type":"Playready"},{"name":"OnlyExposeWidevine","type":"Widevine"}],"applications":[{"domain":"sling.com","applied_policy":"OnlyExposePlayReady"},{"domain":"tou.tv","applied_policy":"OnlyExposeWidevine"},{"domain":"maxdome.de","applied_policy":"OnlyExposeWidevine"},{"domain":"abc.com","applied_policy":"OnlyExposeWidevine"},{"domain":"tv.apple.com","applied_policy":"OnlyExposeWidevine"},{"domain":"la7.it","applied_policy":"OnlyExposeWidevine"},{"domain":"xfinity.com","applied_policy":"OnlyExposeWidevine"},{"domain":"watchtv.cox.com","applied_policy":"OnlyExposeWidevine"},{"domain":"ignitetv.rogers.com","applied_policy":"OnlyExposeWidevine"},{"domain":"bluecurvetv.shaw.ca","applied_policy":"OnlyExposeWidevine"},{"domain":"helix.videotron.com","applied_policy":"OnlyExposeWidevine"},{"domain":"criterionchannel.com","applied_policy":"OnlyExposeWidevine"},{"domain":"ntathome.com","applied_policy":"OnlyExposeWidevine"},{"domain":"wowpresentsplus.com","applied_policy":"OnlyExposeWidevine"},{"domain":"vhx.tv","applied_policy":"OnlyExposeWidevine"},{"domain":"hulu.com","applied_policy":"OnlyExposePlayReady"},{"domain":"app.quickhelp.com","applied_policy":"OnlyExposeWidevine"},{"domain":"DishAnywhere.com","applied_policy":"OnlyExposeWidevine"}]},"user_agent_override":{"version":1,"policies":[{"name":"EdgeUA","type":"partialReplacement","value":"AppleWebKit/537.36 (KHTML, like Gecko) Chrome/70.0.3538.102 Safari/537.36 Edge/18.17763"},{"name":"IEUA","type":"platformIgnorantFullReplacement","value":"Mozilla/5.0 (Windows NT 10.0; WOW64; Trident/7.0; .NET4.0C; .NET4.0E; .NET CLR 2.0.50727; .NET CLR 3.0.30729; .NET CLR 3.5.30729; Zoom 3.6.0; rv:11.0) like Gecko"},{"name":"DrmEdgeUA","type":"partialReplacement","value":"AppleWebKit/537.36 (KHTML, like Gecko) Chrome/64.0.3282.140 Safari/537.36 Edge/18.17763","reason":"DigitalRightsManagement"},{"name":"EdgUA","type":"replaceIfWorkaroundsNeeded"},{"name":"DrmEdgUA","type":"replaceIfWorkaroundsNeeded","reason":"DigitalRightsManagement"},{"name":"ChromeUA","type":"edgeTokenReplacement"},{"domain":"eip.ccfsm.or.kr","applied_policy":"DoNotOverride"},{"name":"DoNotOverride","type":"doNotOverride"}],"applications":[{"domain":"hbonow.com","applied_policy":"DrmEdgeUA"},{"domain":"hboportugal.com","applied_policy":"DrmEdgeUA"},{"domain":"hbogo.com","applied_policy":"DrmEdgeUA"},{"domain":"sling.com","applied_policy":"DrmEdgeUA"},{"domain":"hbogo.bg","applied_policy":"DrmEdgeUA"},{"domain":"hbogo.ro","applied_policy":"DrmEdgeUA"},{"domain":"hbogo.cz","applied_policy":"DrmEdgeUA"},{"domain":"wrc.t-mobile.com","applied_policy":"ChromeUA"},{"domain":"meituan.com","applied_policy":"ChromeUA"},{"domain":"maxdome.de","applied_policy":"ChromeUA"},{"domain":"go.canaldigital.fi","applied_policy":"EdgeUA"},{"domain":"go.canaldigital.no","applied_policy":"EdgeUA"},{"domain":"go.canaldigital.se","applied_policy":"EdgeUA"},{"domain":"canaldigital.dk","“subdomain_match":["go","tv"],"applied_policy":"EdgeUA"},{"domain":"la7.it","applied_policy":"ChromeUA"},{"domain":"ide.cs50.io","applied_policy":"ChromeUA"},{"domain":"moneygram.com","applied_policy":"ChromeUA"},{"domain":"blog.esuteru.com","applied_policy":"ChromeUA"},{"domain":"online.tivo.com","path_match":["/start"],"applied_policy":"ChromeUA"},{"domain":"smallbusiness.yahoo.com","path_match":["/businessmaker"],"applied_policy":"ChromeUA"},{"domain":"abc.com","applied_policy":"ChromeUA"},{"domain":"mvsrec738.examly.io","applied_policy":"ChromeUA"},{"domain":"myslate.sixphrase.com","applied_policy":"ChromeUA"},{"domain":"search.norton.com","path_match":["/nsssOnboarding"],"applied_policy":"ChromeUA"},{"domain":"virtualvisitlogin.partners.org","applied_policy":"ChromeUA"},{"domain":"carelogin.bryantelemedicine.com","applied_policy":"ChromeUA"},{"domain":"providerstc.hs.utah.gov","applied_policy":"ChromeUA"},{"domain":"applychildcaresubsidy.alberta.ca","applied_policy":"ChromeUA"},{"domain":"elearning.evn.com.vn","path_match":["/login"],"applied_policy":"ChromeUA"},{"domain":"telecare.keckmedicine.org","applied_policy":"ChromeUA"},{"domain":"authoring.amirsys.com","path_match":["/login"],"applied_policy":"ChromeUA"},{"domain":"elearning.seabank.com.vn","path_match":["/login"],"applied_policy":"ChromeUA"},{"domain":"app.fields.corteva.com","path_match":["/login"],"applied_policy":"ChromeUA"},{"domain":"gsq.minornet.com","applied_policy":"ChromeUA"},{"domain":"shop.lic.co.nz","applied_policy":"ChromeUA"},{"domain":"telehealthportal.uofuhealth.org","applied_policy":"ChromeUA"},{"domain":"portal.centurylink.com","applied_policy":"ChromeUA"},{"domain":"visitnow.org","applied_policy":"ChromeUA"},{"domain":"www.hotstar.com","path_match":["/in/subscribe/payment/methods/dc","/in/subscribe/payment/methods/cc"],"applied_policy":"ChromeUA"},{"domain":"tryca.st","path_match":["/studio","/publisher"],"applied_policy":"ChromeUA"},{"domain":"astrogo.astro.com.my","applied_policy":"ChromeUA"},{"domain":"airbornemedia.gogoinflight.com","applied_policy":"ChromeUA"},{"domain":"app.classkick.com","applied_policy":"ChromeUA"},{"domain":"exchangeservicecenter.com","path_match":["/freeze"],"applied_policy":"ChromeUA"},{"domain":"bancodeoccidente.com.co","path_match":["/portaltransaccional"],"applied_policy":"ChromeUA"},{"domain":"bm.gzekao.cn","path_match":["/tr/webregister/"],"applied_policy":"IEUA"},{"domain":"scheduling.care.psjhealth.org","path_match":["/virtual"],"applied_policy":"ChromeUA"},{"domain":"salud.go.cr","applied_policy":"ChromeUA"},{"domain":"learning.chungdahm.com","applied_policy":"ChromeUA"},{"domain":"gooroomee.com","applied_policy":"ChromeUA"},{"domain":"tenantev.com","applied_policy":"ChromeUA"},{"domain":"printful.com","path_match":["/dashboard/default"],"applied_policy":"ChromeUA"},{"domain":"fansnet.jp","path_match":["/signin"],"applied_policy":"ChromeUA"},{"domain":"app.houseparty.com","applied_policy":"ChromeUA"},{"domain":"hanafloralpos2.com","applied_policy":"ChromeUA"},{"domain":"elroyalecasinobonuses.com","applied_policy":"ChromeUA"},{"domain":"moji365.com","applied_policy":"ChromeUA"},{"domain":"web2020.atama.plus","applied_policy":"ChromeUA"},{"domain":"elroyalecasino.com","applied_policy":"ChromeUA"},{"domain":"portal.greenxtrade.com","applied_policy":"ChromeUA"},{"domain":"aussieplaybonuses.com","applied_policy":"ChromeUA"},{"domain":"front.viewinter.ai","applied_policy":"ChromeUA"},{"domain":"newstudentregistration.nmsu.edu","applied_policy":"ChromeUA"},{"domain":"app.evisit.com","applied_policy":"ChromeUA"},{"domain":"richpalms.com","applied_policy":"ChromeUA"},{"domain":"lilyclass.com","applied_policy":"ChromeUA"},{"domain":"hiflow.com","applied_policy":"ChromeUA"},{"domain":"my.a-bly.com","applied_policy":"ChromeUA"},{"domain":"app.mytaxprepoffice.com","applied_policy":"ChromeUA"},{"domain":"login.hourpowerpro.com","applied_policy":"ChromeUA"},{"domain":"crayondatabase.com","applied_policy":"ChromeUA"},{"domain":"elroyalecasinomail.com","applied_policy":"ChromeUA"},{"domain":"aussieplaypromos.com","applied_policy":"ChromeUA"},{"domain":"eu.smilemate.com","applied_policy":"ChromeUA"},{"domain":"live.remo.co","applied_policy":"ChromeUA"},{"domain":"orders.cutcoapps.com","applied_policy":"ChromeUA"},{"domain":"app.pharmulary.com","applied_policy":"ChromeUA"},{"domain":"learn.maplesoft.com","applied_policy":"ChromeUA"},{"domain":"suppliersmx.smp-automotive.com","applied_policy":"ChromeUA"},{"domain":"tv.partner.co.il","applied_policy":"ChromeUA"},{"domain":"ykc.hanwangjiaoyu.com","applied_policy":"ChromeUA"},{"domain":"lacite.essentialskillsgroup.com","applied_policy":"ChromeUA"},{"domain":"my.globaluniversity.edu","applied_policy":"ChromeUA"},{"domain":"totale.rosettastone.com","applied_policy":"ChromeUA"},{"domain":"icingimages.com","applied_policy":"ChromeUA"},{"domain":"duolingo.com","applied_policy":"ChromeUA"},{"domain":"geforcenow.com","applied_policy":"ChromeUA"},{"domain":"capitaloneoffers.com","applied_policy":"ChromeUA"},{"domain":"yorbit.mindtree.com","applied_policy":"ChromeUA"},{"domain":"prepmod.health.state.mn.us","applied_policy":"ChromeUA"},{"domain":"prepmod.doh.wa.gov","applied_policy":"ChromeUA"},{"domain":"ome.tv","applied_policy":"ChromeUA"},{"domain":"wowow.co.jp","applied_policy":"ChromeUA"},{"domain":"sankuai.com","applied_policy":"ChromeUA"},{"domain":"prezi.com","applied_policy":"ChromeUA"},{"domain":"algoritmika.az","applied_policy":"ChromeUA"},{"domain":"whitehatjr.com","applied_policy":"ChromeUA"},{"domain":"www.skyroom.online","applied_policy":"ChromeUA"},{"domain":"videochatru.com","applied_policy":"ChromeUA"},{"domain":"www.yuque.com","applied_policy":"ChromeUA"},{"domain":"hllqp.com","applied_policy":"ChromeUA"},{"domain":"unacademy.com","applied_policy":"ChromeUA"},{"domain":"mazonecec.com","applied_policy":"ChromeUA"},{"domain":"cs.zaq.ne.jp","applied_policy":"ChromeUA"},{"domain":"chat-pt.com","applied_policy":"ChromeUA"},{"domain":"nativecamp.net","applied_policy":"ChromeUA"},{"domain":"newrow.com","applied_policy":"ChromeUA"},{"domain":"www.chess.com","applied_policy":"ChromeUA"},{"domain":"pixton.com","applied_policy":"ChromeUA"},{"domain":"bank.dream-1.co.kr","applied_policy":"ChromeUA"},{"domain":"siga.aduanas.gob.do","applied_policy":"ChromeUA"},{"domain":"secure.priviahealth.com","applied_policy":"ChromeUA"},{"domain":"vroom.truevirtualworld.com","applied_policy":"ChromeUA"},{"domain":"mettl.com","applied_policy":"ChromeUA"},{"domain":"granbluefantasy.jp","applied_policy":"ChromeUA"},{"domain":"xiaomawang.com","applied_policy":"ChromeUA"},{"domain":"talview.com","applied_policy":"ChromeUA"},{"domain":"vpn.zmaxis.com","applied_policy":"ChromeUA"},{"domain":"app.jigsawinteractive.com","applied_policy":"ChromeUA"},{"domain":"www.quebon.tv","applied_policy":"ChromeUA"},{"domain":"mars.alg.academy","applied_policy":"ChromeUA"},{"domain":"www.flexclip.com","applied_policy":"ChromeUA"},{"domain":"app.smarterproctoring.com","applied_policy":"ChromeUA"},{"domain":"minedia.com","applied_policy":"ChromeUA"},{"domain":"www.filemaru.com","applied_policy":"ChromeUA"},{"domain":"hirepro.in","applied_policy":"ChromeUA"},{"domain":"lwss.cdgdc.edu.cn","applied_policy":"ChromeUA"},{"domain":"keckmedicine.org","applied_policy":"ChromeUA"},{"domain":"kaipoke.biz","applied_policy":"ChromeUA"},{"domain":"app.bookcreator.com","applied_policy":"ChromeUA"},{"domain":"player.pl","applied_policy":"ChromeUA"},{"domain":"live.twebcast.com","applied_policy":"ChromeUA"},{"domain":"web.openrainbow.com","applied_policy":"ChromeUA"},{"domain":"www.storyboardthat.com","applied_policy":"ChromeUA"},{"domain":"www.techfluency.org","applied_policy":"ChromeUA"},{"domain":"www.amway.co.kr","applied_policy":"ChromeUA"},{"domain":"smartschool.be","applied_policy":"ChromeUA"},{"domain":"bm.chsi.com.cn","applied_policy":"ChromeUA"},{"domain":"www.n-gaku.ed.jp","applied_policy":"ChromeUA"},{"domain":"start.ipc.qld.edu.au","applied_policy":"ChromeUA"},{"domain":"global.talk-cloud.net","applied_policy":"ChromeUA"},{"domain":"sigaexplorer.aduanas.gob.do","applied_policy":"ChromeUA"},{"domain":"www.protrainings.com","applied_policy":"ChromeUA"},{"domain":"www.rarejob.com","applied_policy":"ChromeUA"},{"domain":"chatalternative.com","applied_policy":"ChromeUA"},{"domain":"socialive.us","applied_policy":"ChromeUA"},{"domain":"www.zhihu.com","applied_policy":"ChromeUA"},{"domain":"login.smasheducation.com","applied_policy":"ChromeUA"},{"domain":"mindbody.io","applied_policy":"ChromeUA"},{"domain":"hubgame.cn","applied_policy":"ChromeUA"},{"domain":"mega.nz","applied_policy":"ChromeUA"},{"domain":"univer.kaznpu.kz","applied_policy":"ChromeUA"},{"domain":"www.jkydata.com","applied_policy":"ChromeUA"},{"domain":"clipchamp.com","applied_policy":"ChromeUA"},{"domain":"yz.cainiao.com","applied_policy":"ChromeUA"},{"domain":"app.boardable.com","applied_policy":"ChromeUA"},{"domain":"kakao.com","applied_policy":"ChromeUA"},{"domain":"blibee.com","applied_policy":"ChromeUA"},{"domain":"woots.nl","applied_policy":"ChromeUA"},{"domain":"webinar.anymeeting.com","applied_policy":"ChromeUA"},{"domain":"www.valr.com","applied_policy":"ChromeUA"},{"domain":"rwanda.edacy.com","applied_policy":"ChromeUA"},{"domain":"onlyonefoodnet.ifresh.co.kr","applied_policy":"ChromeUA"},{"domain":"wing.coupang.com","applied_policy":"ChromeUA"},{"domain":"portal.greenxtrade.cn","applied_policy":"ChromeUA"},{"domain":"coronavirus.maryland.gov","applied_policy":"ChromeUA"},{"domain":"www.alarm.com","applied_policy":"ChromeUA"},{"domain":"www.niubizenlinea.com.pe","applied_policy":"ChromeUA"},{"domain":"integra.co.in","applied_policy":"ChromeUA"},{"domain":"spatial.chat","applied_policy":"ChromeUA"},{"domain":"1cs.jp","applied_policy":"ChromeUA"},{"domain":"axisbank.com","applied_policy":"ChromeUA"},{"domain":"customs.vans.com.cn","applied_policy":"ChromeUA"},{"domain":"online.aufratenzur.bawagpsk.com","applied_policy":"ChromeUA"},{"domain":"dsp.horse24.com","applied_policy":"ChromeUA"},{"domain":"order.campion.com.au","applied_policy":"ChromeUA"},{"domain":"bcpzonasegurabeta.viabcp.com","applied_policy":"ChromeUA"},{"domain":"www.xthk.cn","applied_policy":"ChromeUA"},{"domain":"lemo.share-platform.de","applied_policy":"ChromeUA"},{"domain":"vc.dial070.co.kr","applied_policy":"ChromeUA"},{"domain":"www.gaosiedu.com","applied_policy":"ChromeUA"},{"domain":"jp.glats.online","applied_policy":"ChromeUA"},{"domain":"all-dream.com","applied_policy":"ChromeUA"},{"domain":"www.typing.com","applied_policy":"ChromeUA"},{"domain":"pixton.com","applied_policy":"ChromeUA"},{"domain":"www.bitpaper.io","applied_policy":"ChromeUA"},{"domain":"tophat.com","applied_policy":"ChromeUA"},{"domain":"home.ibotta.com","applied_policy":"ChromeUA"},{"domain":"vaccinereg.health.nd.gov","applied_policy":"ChromeUA"},{"domain":"www.comassvax.org","applied_policy":"ChromeUA"},{"domain":"www.mtreadyclinic.org","applied_policy":"ChromeUA"},{"domain":"www.vaccinateri.org","applied_policy":"ChromeUA"},{"domain":"www.marylandvax.org","applied_policy":"ChromeUA"},{"domain":"myhealth.alaska.gov","applied_policy":"ChromeUA"},{"domain":"prepmod.health.state.mn.us","applied_policy":"ChromeUA"},{"domain":"fx.dmm.com","applied_policy":"ChromeUA"},{"domain":"kyc.icicibank.com","applied_policy":"ChromeUA"},{"domain":"hd.kinopoisk.ru","applied_policy":"ChromeUA"},{"domain":"aiosante.fr","applied_policy":"ChromeUA"},{"domain":"mentora.co","applied_policy":"ChromeUA"},{"domain":"maj.leboncoin.fr","applied_policy":"ChromeUA"},{"domain":"new.faberlic.com","applied_policy":"ChromeUA"},{"domain":"support.proxyvote.com","applied_policy":"ChromeUA"},{"domain":"syscheck.bridge.psiexams.com","applied_policy":"ChromeUA"},{"domain":"logon.mykpa.com","applied_policy":"ChromeUA"},{"domain":"power2patient.net","applied_policy":"ChromeUA"},{"domain":"h5.hunbei.com","applied_policy":"ChromeUA"},{"domain":"siharka.menpan.go.id","applied_policy":"ChromeUA"},{"domain":"learning.apaxleaders.edu.vn","applied_policy":"ChromeUA"},{"domain":"sanayisicil.sanayi.gov.tr","applied_policy":"ChromeUA"},{"domain":"provider.teladoc.com","applied_policy":"ChromeUA"},{"domain":"codelion.net","applied_policy":"ChromeUA"},{"domain":"kaleoz.com","applied_policy":"ChromeUA"},{"domain":"demos.cutcoapps.com","applied_policy":"ChromeUA"},{"domain":"eps.jspl.com","applied_policy":"ChromeUA"},{"domain":"managing.h-navi.jp","applied_policy":"ChromeUA"},{"domain":"pinfrafacturacion.com.mx","applied_policy":"ChromeUA"},{"domain":"app.showit.co","applied_policy":"ChromeUA"},{"domain":"co-verify.com","applied_policy":"ChromeUA"},{"domain":"app.axiumascend.com","applied_policy":"ChromeUA"},{"domain":"student.atama.plus","applied_policy":"ChromeUA"},{"domain":"cyedu.kead.or.kr","applied_policy":"ChromeUA"},{"domain":"service.medicheck.se","applied_policy":"ChromeUA"},{"domain":"sio.men.gov.pl","applied_policy":"ChromeUA"},{"domain":"i.cqu.edu.cn","applied_policy":"ChromeUA"},{"domain":"conv.gryphondds.com","applied_policy":"ChromeUA"},{"domain":"business.curated.com","applied_policy":"ChromeUA"},{"domain":"platinum-options.com","applied_policy":"ChromeUA"},{"domain":"pjxt.lnen.cn","applied_policy":"ChromeUA"},{"domain":"smartping.live","applied_policy":"ChromeUA"},{"domain":"docs.google.com","applied_policy":"ChromeUA"},{"domain":"kealahou.cfht.hawaii.edu","applied_policy":"ChromeUA"},{"domain":"speechtexter.com","applied_policy":"ChromeUA"},{"domain":"youtube.*","applied_policy":"DoNotOverride"},{"domain":"admall.youpenglai.com","applied_policy":"ChromeUA"},{"domain":"buy.icicibank.com","applied_policy":"ChromeUA"},{"domain":"oa.imuyuan.com","applied_policy":"ChromeUA"},{"domain":"clube.dermaclub.com.br","applied_policy":"ChromeUA"},{"domain":"microsoftedgeinsider.com","applied_policy":"DoNotOverride"},{"domain":"msnvideo.com","applied_policy":"DoNotOverride"},{"domain":"msnkids.com","applied_policy":"DoNotOverride"},{"domain":"microsoftnews.cn","applied_policy":"DoNotOverride"},{"domain":"msn.com","applied_policy":"DoNotOverride"},{"domain":"msn.cn","applied_policy":"DoNotOverride"},{"domain":"msnewskids.com","applied_policy":"DoNotOverride"},{"domain":"microsoftnewskids.com","applied_policy":"DoNotOverride"},{"domain":"msn-amp.com","applied_policy":"DoNotOverride"},{"domain":"microsoftnews.com","applied_policy":"DoNotOverride"},{"domain":"msnewsmedia.com","applied_policy":"DoNotOverride"},{"domain":"microsoftnewsforkids.com","applied_policy":"DoNotOverride"},{"domain":"edgestoreweb.edgebrowser.microsoft-staging-falcon.io","applied_policy":"DoNotOverride"},{"domain":"edgestoreweb.edgebrowser.microsoft-testing-falcon.io","applied_policy":"DoNotOverride"},{"domain":"abema.tv","applied_policy":"DoNotOverride"},{"domain":"acorn.tv","applied_policy":"DoNotOverride"},{"domain":"bilibili.com","applied_policy":"DoNotOverride"},{"domain":"chaines-tv.orange.fr","applied_policy":"DoNotOverride"},{"domain":"ctc.ru","applied_policy":"DoNotOverride"},{"domain":"dk.hbonordic.com","applied_policy":"DoNotOverride"},{"domain":"hbogo.pl","applied_policy":"DoNotOverride"},{"domain":"listen.tidal.com","applied_policy":"DoNotOverride"},{"domain":"listeningparty.bts-butter.com","applied_policy":"DoNotOverride"},{"domain":"live-nba.stream","applied_policy":"DoNotOverride"},{"domain":"mcg.decipherinc.com","applied_policy":"DoNotOverride"},{"domain":"amazon.*","applied_policy":"DoNotOverride"},{"domain":"music.apple.com","applied_policy":"DoNotOverride"},{"domain":"now.dstv.com","applied_policy":"DoNotOverride"},{"domain":"okko.tv","applied_policy":"DoNotOverride"},{"domain":"open.spotify.com","applied_policy":"DoNotOverride"},{"domain":"opto.sic.pt","applied_policy":"DoNotOverride"},{"domain":"orangetv.orange.es","applied_policy":"DoNotOverride"},{"domain":"play.hbomax.com","applied_policy":"DoNotOverride"},{"domain":"play.waipu.tv","applied_policy":"DoNotOverride"},{"domain":"sports24.icu","applied_policy":"DoNotOverride"},{"domain":"sports24.stream","applied_policy":"DoNotOverride"},{"domain":"stream.osn.com","applied_policy":"DoNotOverride"},{"domain":"swag.live","applied_policy":"DoNotOverride"},{"domain":"tv.rakuten.co.jp","applied_policy":"DoNotOverride"},{"domain":"tv.yousee.dk","applied_policy":"DoNotOverride"},{"domain":"tvthek.orf.at","applied_policy":"DoNotOverride"},{"domain":"v.ouj.ac.jp","applied_policy":"DoNotOverride"},{"domain":"v.youku.com","applied_policy":"DoNotOverride"},{"domain":"ver.movistarplus.es","applied_policy":"DoNotOverride"},{"domain":"video.dmkt-sp.jp","applied_policy":"DoNotOverride"},{"domain":"video.unext.jp","applied_policy":"DoNotOverride"},{"domain":"videomarket.dmm.com","applied_policy":"DoNotOverride"},{"domain":"vod.canalplus.com","applied_policy":"DoNotOverride"},{"domain":"vod.tvp.pl","applied_policy":"DoNotOverride"},{"domain":"voyo.markiza.sk","applied_policy":"DoNotOverride"},{"domain":"voyo.nova.cz","applied_policy":"DoNotOverride"},{"domain":"vtm.be","applied_policy":"DoNotOverride"},{"domain":"watch.spectrum.net","applied_policy":"DoNotOverride"},{"domain":"watcha.com","applied_policy":"DoNotOverride"},{"domain":"wink.rt.ru","applied_policy":"DoNotOverride"},{"domain":"www.6play.fr","applied_policy":"DoNotOverride"},{"domain":"www.atresplayer.com","applied_policy":"DoNotOverride"},{"domain":"www.audible.com","applied_policy":"DoNotOverride"},{"domain":"www.canalplus.com","applied_policy":"DoNotOverride"},{"domain":"www.channel4.com","applied_policy":"DoNotOverride"},{"domain":"www.crunchyroll.com","applied_policy":"DoNotOverride"},{"domain":"www.dazn.com","applied_policy":"DoNotOverride"},{"domain":"www.directvgo.com","applied_policy":"DoNotOverride"},{"domain":"www.filmin.es","applied_policy":"DoNotOverride"},{"domain":"www.fubo.tv","applied_policy":"DoNotOverride"},{"domain":"www.glaz.tv","applied_policy":"DoNotOverride"},{"domain":"www.hoopladigital.com","applied_policy":"DoNotOverride"},{"domain":"www.horizon.tv","applied_policy":"DoNotOverride"},{"domain":"www.hulu.com","applied_policy":"DoNotOverride"},{"domain":"www.imdb.com","applied_policy":"DoNotOverride"},{"domain":"www.itv.com","applied_policy":"DoNotOverride"},{"domain":"www.ivi.ru","applied_policy":"DoNotOverride"},{"domain":"www.my5.tv","applied_policy":"DoNotOverride"},{"domain":"www.netflix.com","applied_policy":"DoNotOverride"},{"domain":"www.npostart.nl","applied_policy":"DoNotOverride"},{"domain":"www.paramountplus.com","applied_policy":"DoNotOverride"},{"domain":"www.peacocktv.com","applied_policy":"DoNotOverride"},{"domain":"www.primevideo.com","applied_policy":"DoNotOverride"},{"domain":"www.rts.ch","applied_policy":"DoNotOverride"},{"domain":"www.salto.fr","applied_policy":"DoNotOverride"},{"domain":"www.streamz.be","applied_policy":"DoNotOverride"},{"domain":"www.telenettv.be","applied_policy":"DoNotOverride"},{"domain":"www.tntdrama.com","applied_policy":"DoNotOverride"},{"domain":"www.twitch.tv","applied_policy":"DoNotOverride"},{"domain":"www.viki.com","applied_policy":"DoNotOverride"},{"domain":"www.vudu.com","applied_policy":"DoNotOverride"},{"domain":"www.weverse.io","applied_policy":"DoNotOverride"},{"domain":"www.ziggogo.tv","applied_policy":"DoNotOverride"},{"domain":"yandex.ru","applied_policy":"DoNotOverride"},{"domain":"microsoft.com","applied_policy":"DoNotOverride"},{"domain":"login.windows-ppe.net","applied_policy":"DoNotOverride"},{"domain":"login.microsoftonline.eaglex.ic.gov","applied_policy":"DoNotOverride"},{"domain":"login.microsoftonline.microsoft.scloud","applied_policy":"DoNotOverride"},{"domain":"login.microsoftonline.com","applied_policy":"DoNotOverride"},{"domain":"login.microsoftonline.de","applied_policy":"DoNotOverride"},{"domain":"login.microsoftonline.us","applied_policy":"DoNotOverride"},{"domain":"login-us.microsoftonline.com","applied_policy":"DoNotOverride"},{"domain":"login.partner.microsoftonline.cn","applied_policy":"DoNotOverride"},{"domain":"powerapps.com","applied_policy":"DoNotOverride"},{"domain":"office.com","applied_policy":"DoNotOverride"},{"domain":"office365.us","applied_policy":"DoNotOverride"},{"domain":"ohome.apps.mil","applied_policy":"DoNotOverride"},{"domain":"ohome.eaglex.ic.gov","applied_policy":"DoNotOverride"},{"domain":"ohome.microsoft.scloud","applied_policy":"DoNotOverride"},{"domain":"jinshuschool.cn","applied_policy":"DoNotOverride"},{"domain":"app.figure1.com","applied_policy":"ChromeUA"},{"domain":"bmo.com","applied_policy":"ChromeUA"}]}},"EdgeFirstRun":{"EdgeNewDeviceFRE":{"enableFeatures":["msEdgeNewDeviceFre","msEdgeNewDeviceShowThemesScreen","msEdgeNewDeviceShowPinningWizardScreen"]},"HistoryOpenTabRolloutForNewUsers":{"enableFeatures":["msEdgeSyncHistoryOpenTabRolloutForNewUsers"]},"FRE_SecondDevice":{"enableFeatures":["msEdgeFreSecondDevice"],"parameters":[{"name":"ConfigScreens","value":"false"},{"name":"ConfigImportScreen","value":"false"}]}},"EdgeServices":{"EnableRecommendationsForTopCategory":{"serviceFeatureRolloutId":9560},"EdgeStoreWebAADC":{"serviceFeatureRolloutId":9550}},"Segmentation":{"ContentServicesAll":"false","WebXTAll":"false","OfficeEnterpriseNTP":"false","NewsAll":"false","BingAll":"false","EdgeAndPartnersAll":"false","EdgeAll":"false","MicrosoftUser":"false","M365InnerRingSG":"false"},"Headers":{"ETag":"\"7dv+H2+SAvHAfKUW4sgNst54UUmhR5RMzPdsQ4XLDoc=\"","Expires":"Sun, 27 Mar 2022 12:18:28 GMT","CountryCode":"IN","StatusCode":"200"},"ConfigIDs":{"ECS":"P-D-42388-2-6","Edge":"P-X-1008515-1-3,P-X-107527-5-12,P-X-1006470-2-4,P-X-111787-3-15,P-X-1005044-1-9,P-X-1002327-3-18,P-X-1003960-3-9,P-X-116766-1-7,P-X-1001255-1-6,P-X-113767-1-7,P-X-113328-1-7,P-X-108148-1-23,P-X-117040-1-5,P-X-116629-1-3,P-X-113035-2-9,P-X-114325-1-5,P-X-112333-1-7,P-X-112977-1-5,P-X-110758-5-41,P-X-75221-12-23,P-X-112425-2-7,P-X-111785-1-3,P-X-109653-1-11,P-X-108742-2-8,P-X-110907-7-11,P-X-109517-3-9,P-X-107991-1-8,P-X-107509-2-12,P-X-106652-1-9,P-X-90175-1-11,P-X-99224-1-9,P-X-93467-5-28,P-X-91314-1-13,P-X-95861-1-15,P-X-103065-1-3,P-X-95462-1-15,P-X-100382-1-3,P-X-95627-3-13,P-X-97844-1-13,P-X-98314-1-5,P-X-91270-7-51,P-X-92713-1-7,P-X-90253-1-13,P-X-93477-1-5,P-X-92431-1-5,P-X-80879-3-16,P-X-78796-1-3,P-X-68464-1-13,P-R-96157-2-10,P-R-101759-6-8,P-R-112681-4-4,P-R-106999-2-21,P-R-109229-2-8,P-R-107987-2-6,P-R-107689-12-6,P-R-103770-1-11,P-R-103051-2-13,P-R-99747-2-5,P-R-93358-12-5,P-R-90966-4-6,P-R-89461-6-9,P-R-88874-2-10,P-R-88869-2-10,P-R-72862-6-23,P-R-86300-24-34,P-R-86028-1-7,P-R-86084-6-12,P-R-85839-8-8,P-R-83944-4-16,P-R-79075-4-26,P-R-79781-6-12,P-R-75004-8-10,P-R-77688-2-9,P-R-77966-16-16,P-R-77128-4-18,P-R-77415-4-8,P-R-77085-4-11,P-R-76480-10-16,P-R-74371-8-14,P-R-72733-6-18,P-R-72706-10-10,P-R-72601-8-18,P-R-67521-6-26,P-R-67067-6-28,P-R-66081-8-17,P-R-61885-8-19,P-R-49701-30-39,P-D-99810-1-4,P-D-79348-1-5,clipv1:202776,esfheader:198884,ed414:199682,edrea856:197356,edtab494:196904,collapsedall:201968,6bj6e544:201972,edfac561:199687,edsup144:198019,edcil366:180704,edsec583:182966,ed806:195911,edweb468:191638,ed163:197896,ed672:193569,ededg349:172842,edntpinfluential:170413,ed913:175220,ededg595:193570,edtyp901:164789,ed547:181544,edmob979:170245,ed448:160941,neededgebanner:159722,ededg5677:175295,ededg849:158174,ed823:156485,optoutinneededge:155673,edpcm958:170417,edsma395:152106,combinedsigninsyncfavorites:198783,edand968:168801,eddev242:148138,edlau735:154534,ed977:146106,edcom594:149776,ed928:197018,edbin373:142183,nurturingfeatureciupsellsavefavpass:158816,edgesuperressettings1:198051,ededg840:189491,edaut513:158378,eddev425:151654,ednur580:165759,edope241:165588,ededg330:96426,edsma606:94039,edspe332:90310","EdgeConfig":"P-R-1004978-1-6,P-R-1002289-2-5,P-R-116095-2-3,P-R-110491-2-18,P-R-88992-1-7,P-R-82482-1-8,P-R-74232-5-15,P-R-68474-7-10,P-R-58477-2-4,P-R-45373-8-81,P-R-46265-24-80","EdgeDomainActions":"P-R-108604-1-21,P-R-73626-1-14,P-R-63165-3-22,P-R-53243-2-7,P-R-40093-3-25,P-R-38744-7-95,P-R-31899-21-370","EdgeFirstRun":"P-R-113582-2-9,P-R-90923-10-12,P-R-69980-2-4","EdgeServices":"P-R-95751-3-8,P-R-92990-3-8","Segmentation":"P-R-66078-1-2,P-R-66077-1-4,P-R-60887-1-4,P-R-60886-1-2,P-R-60882-1-2,P-R-60884-1-2,P-R-43082-1-3,P-R-42744-1-2,P-R-42492-1-3"}}