<?xml version="1.0" encoding="UTF-8"?><SLA Version="1.0"><TxList><Tx>new_user_Transaction</Tx><Tx>vuser_end_Transaction</Tx><Tx>purcahse_pet_Transaction</Tx><Tx>login_Transaction</Tx><Tx>vuser_init_Transaction</Tx><Tx>Action_Transaction</Tx></TxList><SLARules><TrackingPeriodType>Default</TrackingPeriodType><TrackingPeriodValue></TrackingPeriodValue><TrackingPeriodTimeScale></TrackingPeriodTimeScale><RulesGroup Type="PercentileRule"><Name>Percentile Based Rules</Name><PercentileRule Name="transaction_response_time_percentile_Action_Transaction"><Percentage>90</Percentage><Value>0</Value><Measurement>transaction_response_time_percentile</Measurement><SubMeasurement>Action_Transaction</SubMeasurement></PercentileRule><PercentileRule Name="transaction_response_time_percentile_login_Transaction"><Percentage>90</Percentage><Value>0</Value><Measurement>transaction_response_time_percentile</Measurement><SubMeasurement>login_Transaction</SubMeasurement></PercentileRule><PercentileRule Name="transaction_response_time_percentile_new_user_Transaction"><Percentage>90</Percentage><Value>0</Value><Measurement>transaction_response_time_percentile</Measurement><SubMeasurement>new_user_Transaction</SubMeasurement></PercentileRule><PercentileRule Name="transaction_response_time_percentile_purcahse_pet_Transaction"><Percentage>90</Percentage><Value>0</Value><Measurement>transaction_response_time_percentile</Measurement><SubMeasurement>purcahse_pet_Transaction</SubMeasurement></PercentileRule><PercentileRule Name="transaction_response_time_percentile_vuser_end_Transaction"><Percentage>90</Percentage><Value>0</Value><Measurement>transaction_response_time_percentile</Measurement><SubMeasurement>vuser_end_Transaction</SubMeasurement></PercentileRule><PercentileRule Name="transaction_response_time_percentile_vuser_init_Transaction"><Percentage>90</Percentage><Value>0</Value><Measurement>transaction_response_time_percentile</Measurement><SubMeasurement>vuser_init_Transaction</SubMeasurement></PercentileRule></RulesGroup></SLARules></SLA>